country,age,gender,occupation,asset_id,image_url
荷兰,22,女性,多肉/花卉种植员,asset-20260224225721-prllw,https://sscm-media.oss-cn-guangzhou.aliyuncs.com/image/migrated/8135ef7d5bfef9c5-asset-20260224225721-prllw.png
南非,24,女性,模特,asset-20260224225851-58vsm,https://sscm-media.oss-cn-guangzhou.aliyuncs.com/image/migrated/7658a918f2ed5a97-asset-20260224225851-58vsm.png
中国,18,女性,美甲师,asset-20260310030618-88hlb,https://sscm-media.oss-cn-guangzhou.aliyuncs.com/image/migrated/1c03c956b2cd1eeb-asset-20260310030618-88hlb.png
中国,40,男性,演员,asset-20260224225822-g22rm,https://sscm-media.oss-cn-guangzhou.aliyuncs.com/image/migrated/45b4d7389f9c4db0-asset-20260224225822-g22rm.png
中国,21,女性,演员,asset-20260224225818-2r9ls,https://sscm-media.oss-cn-guangzhou.aliyuncs.com/image/migrated/3014fca5eb618fe2-asset-20260224225818-2r9ls.png
中国,68,女性,养蜂人,asset-20260224225649-2k9rp,https://sscm-media.oss-cn-guangzhou.aliyuncs.com/image/migrated/56adc849294b9489-asset-20260224225649-2k9rp.png
中国,29,男,模特,asset-20260224201700-zrtml,https://sscm-media.oss-cn-guangzhou.aliyuncs.com/image/migrated/e6d2ec995bac8619-asset-20260224201700-zrtml.png
中国,23,女性,歌手,asset-20260310022434-wvg96,https://sscm-media.oss-cn-guangzhou.aliyuncs.com/image/migrated/bfae21b821491bf4-asset-20260310022434-wvg96.png
印尼,36,男性,教练,asset-20260224225738-zr98d,https://sscm-media.oss-cn-guangzhou.aliyuncs.com/image/migrated/a301ea9813b91d14-asset-20260224225738-zr98d.png
中国,28,女性,网红/主播,asset-20260224225526-g6kpx,https://sscm-media.oss-cn-guangzhou.aliyuncs.com/image/migrated/04a2e2bdb6dd5dea-asset-20260224225526-g6kpx.png
荷兰,22,女性,模特,asset-20260224225803-ftdx6,https://sscm-media.oss-cn-guangzhou.aliyuncs.com/image/migrated/c49b579fae1bf1c8-asset-20260224225803-ftdx6.png
韩国,21,女性,模特,asset-20260224225843-tjnmm,https://sscm-media.oss-cn-guangzhou.aliyuncs.com/image/migrated/62e978f70fefdaf4-asset-20260224225843-tjnmm.png
中国,40,男性,企业高管,asset-20260224225713-cvzq4,https://sscm-media.oss-cn-guangzhou.aliyuncs.com/image/migrated/a113b97e9e19a945-asset-20260224225713-cvzq4.png
韩国,28,男性,模特,asset-20260224225915-jzc9m,https://sscm-media.oss-cn-guangzhou.aliyuncs.com/image/migrated/4def4348b9b92d83-asset-20260224225915-jzc9m.png
日本,35,女性,模特,asset-20260224225901-jg74f,https://sscm-media.oss-cn-guangzhou.aliyuncs.com/image/migrated/69b751b9286799ed-asset-20260224225901-jg74f.png
中国,26,男性,科学家/研究员,asset-20260224225726-46q5p,https://sscm-media.oss-cn-guangzhou.aliyuncs.com/image/migrated/7a4c68228256ab7a-asset-20260224225726-46q5p.png
中国,24,女性,工程师,asset-20260224225719-pnj6s,https://sscm-media.oss-cn-guangzhou.aliyuncs.com/image/migrated/28ac416d9be4d99a-asset-20260224225719-pnj6s.png
丹麦,33,男性,搬运工,asset-20260224225939-s46c7,https://sscm-media.oss-cn-guangzhou.aliyuncs.com/image/migrated/88395fbdfd413c59-asset-20260224225939-s46c7.png
中国,35,女性,模特,asset-20260310022614-wnxlx,https://sscm-media.oss-cn-guangzhou.aliyuncs.com/image/migrated/f4ac4e1a69d84d6c-asset-20260310022614-wnxlx.png
韩国,25,女性,电竞选手,asset-20260224225742-2hv2q,https://sscm-media.oss-cn-guangzhou.aliyuncs.com/image/migrated/ff79f1c22d0d0cd2-asset-20260224225742-2hv2q.png
韩国,32,女性,科学家/研究员,asset-20260224225856-6t6rh,https://sscm-media.oss-cn-guangzhou.aliyuncs.com/image/migrated/092492296d173a69-asset-20260224225856-6t6rh.png
西班牙,24,女性,模特,asset-20260224225934-n2w56,https://sscm-media.oss-cn-guangzhou.aliyuncs.com/image/migrated/0747332d7e64bde4-asset-20260224225934-n2w56.png
中国,25,男性,快递员,asset-20260224225800-gxdwm,https://sscm-media.oss-cn-guangzhou.aliyuncs.com/image/migrated/65042216828d3faa-asset-20260224225800-gxdwm.png
中国,20,女性,模特,asset-20260224225904-v6sf2,https://sscm-media.oss-cn-guangzhou.aliyuncs.com/image/migrated/05920f0e37370125-asset-20260224225904-v6sf2.png
丹麦,59,男性,大学教授,asset-20260224225535-pzn2g,https://sscm-media.oss-cn-guangzhou.aliyuncs.com/image/migrated/af1b3fc44c12fcd1-asset-20260224225535-pzn2g.png
美国,55,男性,演员,asset-20260224225946-vsxnf,https://sscm-media.oss-cn-guangzhou.aliyuncs.com/image/migrated/624fc9bc63de88b6-asset-20260224225946-vsxnf.png
韩国,22,女性,教师,asset-20260310031616-m8mpx,https://sscm-media.oss-cn-guangzhou.aliyuncs.com/image/migrated/86f63598af9edb22-asset-20260310031616-m8mpx.png
加拿大,35,女性,文员/行政,asset-20260310021816-kqkg8,https://sscm-media.oss-cn-guangzhou.aliyuncs.com/image/migrated/7dc3a652c520c86c-asset-20260310021816-kqkg8.png
中国,75,女性,果农,asset-20260224225521-w2t5z,https://sscm-media.oss-cn-guangzhou.aliyuncs.com/image/migrated/7e64815f76537452-asset-20260224225521-w2t5z.png
中国,26,女性,网红/主播,asset-20260401123823-6d4x2,https://sscm-media.oss-cn-guangzhou.aliyuncs.com/image/migrated/45819a4d02a3e20c-asset-20260401123823-6d4x2.png
泰国,30,女性,模特,asset-20260310032858-tbzjx,https://sscm-media.oss-cn-guangzhou.aliyuncs.com/image/migrated/43520d8c8f6be3b1-asset-20260310032858-tbzjx.png
韩国,22,女性,模特,asset-20260224230001-9vf7m,https://sscm-media.oss-cn-guangzhou.aliyuncs.com/image/migrated/1efcdff1ed0afaf7-asset-20260224230001-9vf7m.png
中国,22,男性,演员,asset-20260224225753-45tfg,https://sscm-media.oss-cn-guangzhou.aliyuncs.com/image/migrated/d2ea981e16d1f91a-asset-20260224225753-45tfg.png
南非,24,女性,工程师,asset-20260224225729-zjtbl,https://sscm-media.oss-cn-guangzhou.aliyuncs.com/image/migrated/5476d635cd681ebb-asset-20260224225729-zjtbl.png
中国,45,男性,歌手,asset-20260224225736-s28dw,https://sscm-media.oss-cn-guangzhou.aliyuncs.com/image/migrated/e2b2a9e27efbbc24-asset-20260224225736-s28dw.png
印尼,24,男性,模特,asset-20260224225821-j84ms,https://sscm-media.oss-cn-guangzhou.aliyuncs.com/image/migrated/26077d9d90baa2f9-asset-20260224225821-j84ms.png
中国,67,男性,司机,asset-20260224225659-fj6b2,https://sscm-media.oss-cn-guangzhou.aliyuncs.com/image/migrated/1c83bff9f6f25f96-asset-20260224225659-fj6b2.png
英国,22,女性,演员,asset-20260224225702-m8p4q,https://sscm-media.oss-cn-guangzhou.aliyuncs.com/image/migrated/00aecfdfd9134fed-asset-20260224225702-m8p4q.png
中国,50,女性,工程师,asset-20260224225722-vfcxd,https://sscm-media.oss-cn-guangzhou.aliyuncs.com/image/migrated/6636df923453d580-asset-20260224225722-vfcxd.png
中国,22,女性,教师,asset-20260330160123-jhz8z,https://sscm-media.oss-cn-guangzhou.aliyuncs.com/image/migrated/1f8228a3cff77fd4-asset-20260330160123-jhz8z.png
中国,33,男性,空姐/空少,asset-20260310025556-2vk5n,https://sscm-media.oss-cn-guangzhou.aliyuncs.com/image/migrated/d1b114da3607c349-asset-20260310025556-2vk5n.png
英国,24,女性,演员,asset-20260224225806-zkrlx,https://sscm-media.oss-cn-guangzhou.aliyuncs.com/image/migrated/efbbbacbee392e8e-asset-20260224225806-zkrlx.png
日本,28,男性,模特,asset-20260224225802-8bgrf,https://sscm-media.oss-cn-guangzhou.aliyuncs.com/image/migrated/8bcd82b22bbab8be-asset-20260224225802-8bgrf.png
德国,37,女性,模特,asset-20260310031303-2svc7,https://sscm-media.oss-cn-guangzhou.aliyuncs.com/image/migrated/0ec29072ffa81b2d-asset-20260310031303-2svc7.png
中国,43,男性,模特,asset-20260310022818-s46nv,https://sscm-media.oss-cn-guangzhou.aliyuncs.com/image/migrated/5846fcb29b9c04ff-asset-20260310022818-s46nv.png
中国,22,女,歌手,asset-20260320075131-k78qt,https://sscm-media.oss-cn-guangzhou.aliyuncs.com/image/migrated/36659903a822f4f1-asset-20260320075131-k78qt.png
日本,23,男性,模特,asset-20260224225857-wvxbw,https://sscm-media.oss-cn-guangzhou.aliyuncs.com/image/migrated/2642735dc306e4d0-asset-20260224225857-wvxbw.png
丹麦,30,女性,演员,asset-20260224225953-hzp6f,https://sscm-media.oss-cn-guangzhou.aliyuncs.com/image/migrated/b22ae418f48b449d-asset-20260224225953-hzp6f.png
日本,30,女性,模特,asset-20260224225902-rwghq,https://sscm-media.oss-cn-guangzhou.aliyuncs.com/image/migrated/e609da90fd369ee6-asset-20260224225902-rwghq.png
中国,21,女性,作家,asset-20260320082151-c59tp,https://sscm-media.oss-cn-guangzhou.aliyuncs.com/image/migrated/e9bd4a0718db31d0-asset-20260320082151-c59tp.png
韩国,30,男性,设计师,asset-20260320082041-dtc85,https://sscm-media.oss-cn-guangzhou.aliyuncs.com/image/migrated/c0b5c2f8c38347bb-asset-20260320082041-dtc85.png
中国,57,男性,模特,asset-20260310023004-c8qjc,https://sscm-media.oss-cn-guangzhou.aliyuncs.com/image/migrated/6b86ed2658dbc01b-asset-20260310023004-c8qjc.png
中国,23,男性,作家,asset-20260310032047-m6svd,https://sscm-media.oss-cn-guangzhou.aliyuncs.com/image/migrated/7cf62ebfbc9c7a03-asset-20260310032047-m6svd.png
中国,42,男性,演员,asset-20260224225905-4rc56,https://sscm-media.oss-cn-guangzhou.aliyuncs.com/image/migrated/e39a2dee9eba072b-asset-20260224225905-4rc56.png
中国,40,男性,DJ/音乐制作人,asset-20260310022222-kjz8z,https://sscm-media.oss-cn-guangzhou.aliyuncs.com/image/migrated/b300e52b78c08f36-asset-20260310022222-kjz8z.png
中国,25,男性,外卖员,asset-20260224225640-2hw8q,https://sscm-media.oss-cn-guangzhou.aliyuncs.com/image/migrated/8a39da6f0bfa0add-asset-20260224225640-2hw8q.png
韩国,23,女性,模特,asset-20260224225839-js5ff,https://sscm-media.oss-cn-guangzhou.aliyuncs.com/image/migrated/7c2dadef9c6b4b99-asset-20260224225839-js5ff.png
瑞典,35,女性,店员/收银员,asset-20260310030400-4j25m,https://sscm-media.oss-cn-guangzhou.aliyuncs.com/image/migrated/95b58fa7e4e2af72-asset-20260310030400-4j25m.png
西班牙,24,女性,舞蹈演员,asset-20260224225955-nkw4j,https://sscm-media.oss-cn-guangzhou.aliyuncs.com/image/migrated/6504fb9a1b61ee62-asset-20260224225955-nkw4j.png
中国,38,男性,快递员,asset-20260224225638-nfdps,https://sscm-media.oss-cn-guangzhou.aliyuncs.com/image/migrated/d770b3e216f30fbe-asset-20260224225638-nfdps.png
西班牙,22,男性,模特,asset-20260224225825-d657d,https://sscm-media.oss-cn-guangzhou.aliyuncs.com/image/migrated/efe8f4c49dcbcabf-asset-20260224225825-d657d.png
中国,65,男性,画家,asset-20260224225739-dtlpw,https://sscm-media.oss-cn-guangzhou.aliyuncs.com/image/migrated/0df01786f3f816f4-asset-20260224225739-dtlpw.png
丹麦,26,女性,农民,asset-20260224225952-xptks,https://sscm-media.oss-cn-guangzhou.aliyuncs.com/image/migrated/144306d3ffba7f0c-asset-20260224225952-xptks.png
中国,28,女性,小贩/摊贩,asset-20260320084058-m5gn9,https://sscm-media.oss-cn-guangzhou.aliyuncs.com/image/migrated/9335fd9f46662f5e-asset-20260320084058-m5gn9.png
中国,24,男,模特,asset-20260320075237-29hdx,https://sscm-media.oss-cn-guangzhou.aliyuncs.com/image/migrated/d433fb9bee7afc93-asset-20260320075237-29hdx.png
中国,21,女性,客服,asset-20260320092805-5ltsz,https://sscm-media.oss-cn-guangzhou.aliyuncs.com/image/migrated/392a5f110f42ab7d-asset-20260320092805-5ltsz.png
中国,30,男性,投资银行家/基金经理,asset-20260224225636-gkq5d,https://sscm-media.oss-cn-guangzhou.aliyuncs.com/image/migrated/9acf8d25704a1471-asset-20260224225636-gkq5d.png
南非,26,男性,模特,asset-20260224225819-lrcn9,https://sscm-media.oss-cn-guangzhou.aliyuncs.com/image/migrated/11345a866a56f587-asset-20260224225819-lrcn9.png
韩国,30,男性,模特,asset-20260224225913-mj796,https://sscm-media.oss-cn-guangzhou.aliyuncs.com/image/migrated/5b2d757477714349-asset-20260224225913-mj796.png
中国,45,男性,果农,asset-20260224225524-q2kgb,https://sscm-media.oss-cn-guangzhou.aliyuncs.com/image/migrated/91960706a83c781f-asset-20260224225524-q2kgb.png
泰国,24,女性,收纳整理师,asset-20260330153749-t649m,https://sscm-media.oss-cn-guangzhou.aliyuncs.com/image/migrated/ed19fda299104749-asset-20260330153749-t649m.png
中国,27,女性,调酒师,asset-20260330154219-ldqb9,https://sscm-media.oss-cn-guangzhou.aliyuncs.com/image/migrated/0534ac4538239eea-asset-20260330154219-ldqb9.png
中国,22,女性,店员/收银员,asset-20260320095733-gx8rw,https://sscm-media.oss-cn-guangzhou.aliyuncs.com/image/migrated/fb30f085bf85788b-asset-20260320095733-gx8rw.png
中国,34,女性,歌手,asset-20260320082900-hxvv9,https://sscm-media.oss-cn-guangzhou.aliyuncs.com/image/migrated/188b6a525886eb8c-asset-20260320082900-hxvv9.png
日本,20,女性,模特,asset-20260224225928-gb2jv,https://sscm-media.oss-cn-guangzhou.aliyuncs.com/image/migrated/b842611cdccb3850-asset-20260224225928-gb2jv.png
中国,55,女性,医生,asset-20260224225558-76b5j,https://sscm-media.oss-cn-guangzhou.aliyuncs.com/image/migrated/fe22afa790918d90-asset-20260224225558-76b5j.png
印尼,22,女性,模特,asset-20260224225823-bzwl9,https://sscm-media.oss-cn-guangzhou.aliyuncs.com/image/migrated/6b5e6fce0126a657-asset-20260224225823-bzwl9.png
古巴,26,女性,记者/媒体人,asset-20260310032139-2zqnb,https://sscm-media.oss-cn-guangzhou.aliyuncs.com/image/migrated/f6aa7a380d746502-asset-20260310032139-2zqnb.png
中国,55,女性,果农,asset-20260224225510-m6zvd,https://sscm-media.oss-cn-guangzhou.aliyuncs.com/image/migrated/772369caffda6d6d-asset-20260224225510-m6zvd.png
中国,28,女,美甲师,asset-20260311093150-642hq,https://sscm-media.oss-cn-guangzhou.aliyuncs.com/image/migrated/bec0bf1b91f5e170-asset-20260311093150-642hq.png
巴西,18,女性,客服,asset-20260310032811-tfdfk,https://sscm-media.oss-cn-guangzhou.aliyuncs.com/image/migrated/caf49f9688131926-asset-20260310032811-tfdfk.png
中国,32,女性,快递员,asset-20260224225643-bszww,https://sscm-media.oss-cn-guangzhou.aliyuncs.com/image/migrated/4c92026217c59667-asset-20260224225643-bszww.png
中国,35,男性,咖啡师,asset-20260320081853-dxkgk,https://sscm-media.oss-cn-guangzhou.aliyuncs.com/image/migrated/c0631d229d8ce0c7-asset-20260320081853-dxkgk.png
尼日利亚,38,女性,医生,asset-20260224225743-z9ccn,https://sscm-media.oss-cn-guangzhou.aliyuncs.com/image/migrated/1a80dee86d97a064-asset-20260224225743-z9ccn.png
中国,60,女性,养蜂人,asset-20260224225647-4t975,https://sscm-media.oss-cn-guangzhou.aliyuncs.com/image/migrated/900c21b111b6cccf-asset-20260224225647-4t975.png
美国,40,男性,演员,asset-20260224225839-zd2ff,https://sscm-media.oss-cn-guangzhou.aliyuncs.com/image/migrated/c183685ca818c382-asset-20260224225839-zd2ff.png
中国,22,男性,文员/行政,asset-20260310031050-q2dv5,https://sscm-media.oss-cn-guangzhou.aliyuncs.com/image/migrated/2dc993fb75417fbd-asset-20260310031050-q2dv5.png
中国,37,男性,医生,asset-20260224225519-cscq5,https://sscm-media.oss-cn-guangzhou.aliyuncs.com/image/migrated/e62102940f351824-asset-20260224225519-cscq5.png
中国,42,男性,教师,asset-20260310031415-fr2vm,https://sscm-media.oss-cn-guangzhou.aliyuncs.com/image/migrated/8639542a1f172287-asset-20260310031415-fr2vm.png
中国,25,女,店员/收银员,asset-20260311092805-vmn2n,https://sscm-media.oss-cn-guangzhou.aliyuncs.com/image/migrated/daa941852f7fbb3b-asset-20260311092805-vmn2n.png
中国,18,女,美甲师,asset-20260311090825-qd6pw,https://sscm-media.oss-cn-guangzhou.aliyuncs.com/image/migrated/233875a287124ded-asset-20260311090825-qd6pw.png
美国,30,女性,会计,asset-20260310030502-xg6qc,https://sscm-media.oss-cn-guangzhou.aliyuncs.com/image/migrated/d590aaebb8757b2f-asset-20260310030502-xg6qc.png
法国,24,女性,心理咨询师,asset-20260320082734-cg8fg,https://sscm-media.oss-cn-guangzhou.aliyuncs.com/image/migrated/0b044ace1b03072c-asset-20260320082734-cg8fg.png
中国,22,男性,银行柜员,asset-20260320093216-2vhq4,https://sscm-media.oss-cn-guangzhou.aliyuncs.com/image/migrated/b4ed5652b143fa0a-asset-20260320093216-2vhq4.png
中国,27,男性,程序员,asset-20260310031803-ns4v2,https://sscm-media.oss-cn-guangzhou.aliyuncs.com/image/migrated/827f6c45ce127684-asset-20260310031803-ns4v2.png
中国,22,男性,果农,asset-20260224225601-z8xz8,https://sscm-media.oss-cn-guangzhou.aliyuncs.com/image/migrated/04dbc600aeb8229c-asset-20260224225601-z8xz8.png
澳大利亚,26,女性,大学生,asset-20260310033328-x6ck2,https://sscm-media.oss-cn-guangzhou.aliyuncs.com/image/migrated/9950f535fb871fda-asset-20260310033328-x6ck2.png
美国,27,女性,演员,asset-20260224225951-cxpqq,https://sscm-media.oss-cn-guangzhou.aliyuncs.com/image/migrated/1c8d9589242f9acf-asset-20260224225951-cxpqq.png
英国,37,男性,修理工/水电工,asset-20260224225737-md7sg,https://sscm-media.oss-cn-guangzhou.aliyuncs.com/image/migrated/b2950481ced7baa9-asset-20260224225737-md7sg.png
中国,26,男性,网红/主播,asset-20260224225521-8vppz,https://sscm-media.oss-cn-guangzhou.aliyuncs.com/image/migrated/46ef9bb953a9ce0e-asset-20260224225521-8vppz.png
美国,29,女性,调酒师,asset-20260310031514-6tdhq,https://sscm-media.oss-cn-guangzhou.aliyuncs.com/image/migrated/5e0e44d6c1830407-asset-20260310031514-6tdhq.png
韩国,25,男性,模特,asset-20260224225759-flppg,https://sscm-media.oss-cn-guangzhou.aliyuncs.com/image/migrated/9bb177270c08455d-asset-20260224225759-flppg.png
英国,38,男性,演员,asset-20260224225908-qm7nh,https://sscm-media.oss-cn-guangzhou.aliyuncs.com/image/migrated/6d516e8fea5d698e-asset-20260224225908-qm7nh.png
中国,49,男性,歌手,asset-20260310033156-hlrnq,https://sscm-media.oss-cn-guangzhou.aliyuncs.com/image/migrated/206d6b7fbb2abf30-asset-20260310033156-hlrnq.png
乌兹别克斯坦,23,女性,宠物美容师,asset-20260310030026-k4n4s,https://sscm-media.oss-cn-guangzhou.aliyuncs.com/image/migrated/ce2e285a3d439405-asset-20260310030026-k4n4s.png
中国,31,女,瑜伽/普拉提教练,asset-20260311035902-x5jr7,https://sscm-media.oss-cn-guangzhou.aliyuncs.com/image/migrated/d02a42047e7f74cd-asset-20260311035902-x5jr7.png
中国,38,男性,木匠,asset-20260224225754-dcbxd,https://sscm-media.oss-cn-guangzhou.aliyuncs.com/image/migrated/4a81350c42bdf1f8-asset-20260224225754-dcbxd.png
中国,23,男性,律师,asset-20260310033239-tmmzs,https://sscm-media.oss-cn-guangzhou.aliyuncs.com/image/migrated/02575af118989d5e-asset-20260310033239-tmmzs.png
荷兰,35,男性,演员,asset-20260224230010-hpqhv,https://sscm-media.oss-cn-guangzhou.aliyuncs.com/image/migrated/3cdd46af3d22aa83-asset-20260224230010-hpqhv.png
中国,62,女性,果农,asset-20260224225557-vl4nl,https://sscm-media.oss-cn-guangzhou.aliyuncs.com/image/migrated/ec8bcf87a2d1399b-asset-20260224225557-vl4nl.png
缅甸,56,女性,画家/艺术家,asset-20260310032234-2k77k,https://sscm-media.oss-cn-guangzhou.aliyuncs.com/image/migrated/8135fd27364b5aab-asset-20260310032234-2k77k.png
中国,35,女性,网红/主播,asset-20260224225534-hprxt,https://sscm-media.oss-cn-guangzhou.aliyuncs.com/image/migrated/77e97d9854f027cc-asset-20260224225534-hprxt.png
中国,28,女性,网红/主播,asset-20260224225532-m5ws7,https://sscm-media.oss-cn-guangzhou.aliyuncs.com/image/migrated/b65491747e0dfc8c-asset-20260224225532-m5ws7.png
爱尔兰,35,女性,记者/媒体人,asset-20260320084022-srbz9,https://sscm-media.oss-cn-guangzhou.aliyuncs.com/image/migrated/46da1db40877b578-asset-20260320084022-srbz9.png
中国,19,女性,企业家/CEO,asset-20260330154010-znqgq,https://sscm-media.oss-cn-guangzhou.aliyuncs.com/image/migrated/1338e0ed5b90add2-asset-20260330154010-znqgq.png
泰国,19,男,电竞选手,asset-20260320074000-r57kv,https://sscm-media.oss-cn-guangzhou.aliyuncs.com/image/migrated/1c8627bd4eeb29dd-asset-20260320074000-r57kv.png
西班牙,32,女性,工程师,asset-20260320083829-54qdg,https://sscm-media.oss-cn-guangzhou.aliyuncs.com/image/migrated/93304a7ec23699c9-asset-20260320083829-54qdg.png
丹麦,23,女性,模特,asset-20260224225812-f4tkq,https://sscm-media.oss-cn-guangzhou.aliyuncs.com/image/migrated/343b96ad8c698c2a-asset-20260224225812-f4tkq.png
南非,32,女性,演员,asset-20260224225959-qjtkv,https://sscm-media.oss-cn-guangzhou.aliyuncs.com/image/migrated/902a03656cf0bea9-asset-20260224225959-qjtkv.png
中国,23,女性,农业学家,asset-20260310031849-8hbwd,https://sscm-media.oss-cn-guangzhou.aliyuncs.com/image/migrated/ad5b8e0d1a817f3c-asset-20260310031849-8hbwd.png
中国,31,女性,店员/收银员,asset-20260310031715-l28v2,https://sscm-media.oss-cn-guangzhou.aliyuncs.com/image/migrated/476866e2692cc21d-asset-20260310031715-l28v2.png
荷兰,22,女性,多肉/花卉种植员,asset-20260224225941-vvmqm,https://sscm-media.oss-cn-guangzhou.aliyuncs.com/image/migrated/28457af9b8d0223c-asset-20260224225941-vvmqm.png
阿塞拜疆,25,女,文员/行政,asset-20260311091505-zntgv,https://sscm-media.oss-cn-guangzhou.aliyuncs.com/image/migrated/db7095bfc86c4802-asset-20260311091505-zntgv.png
埃塞俄比亚,20,女性,大学生,asset-20260310031959-dd6xg,https://sscm-media.oss-cn-guangzhou.aliyuncs.com/image/migrated/c8b4a648abdf6e7e-asset-20260310031959-dd6xg.png
中国,72,女性,农民,asset-20260224225637-njl89,https://sscm-media.oss-cn-guangzhou.aliyuncs.com/image/migrated/6aff3dfded261ba9-asset-20260224225637-njl89.png
中国,30,女性,多肉/花卉种植员,asset-20260330153430-98fgc,https://sscm-media.oss-cn-guangzhou.aliyuncs.com/image/migrated/a4181cdeae57d9d2-asset-20260330153430-98fgc.png
中国,24,女性,会计,asset-20260330160351-4b5dk,https://sscm-media.oss-cn-guangzhou.aliyuncs.com/image/migrated/50306dbe171b4e5c-asset-20260330160351-4b5dk.png
肯尼亚,39,女性,公务员,asset-20260320083936-8hhqp,https://sscm-media.oss-cn-guangzhou.aliyuncs.com/image/migrated/5441548b1f360fc2-asset-20260320083936-8hhqp.png
日本,22,女性,模特,asset-20260224225852-b74zt,https://sscm-media.oss-cn-guangzhou.aliyuncs.com/image/migrated/d1e9093bb06da5c7-asset-20260224225852-b74zt.png
南非,40,男性,野生动物管理员,asset-20260224225735-htvwh,https://sscm-media.oss-cn-guangzhou.aliyuncs.com/image/migrated/26cc40c172771d25-asset-20260224225735-htvwh.png
英国,52,男性,演员,asset-20260224225930-4gwp4,https://sscm-media.oss-cn-guangzhou.aliyuncs.com/image/migrated/5c3b6290b9b64f9f-asset-20260224225930-4gwp4.png
尼日利亚,50,男性,网约车司机,asset-20260310030146-6b7gg,https://sscm-media.oss-cn-guangzhou.aliyuncs.com/image/migrated/51071a9ffc345aea-asset-20260310030146-6b7gg.png
西班牙,29,女性,房产中介,asset-20260310025210-n4wph,https://sscm-media.oss-cn-guangzhou.aliyuncs.com/image/migrated/be58cdb5ab1c53f3-asset-20260310025210-n4wph.png
英国,60,男性,演员,asset-20260224225927-499xg,https://sscm-media.oss-cn-guangzhou.aliyuncs.com/image/migrated/d66e6f77c28fb832-asset-20260224225927-499xg.png
荷兰,40,男性,工程师,asset-20260224225731-6bmnh,https://sscm-media.oss-cn-guangzhou.aliyuncs.com/image/migrated/96378ba6a0b7cd94-asset-20260224225731-6bmnh.png
波兰,24,男性,客服,asset-20260310033017-jqrzc,https://sscm-media.oss-cn-guangzhou.aliyuncs.com/image/migrated/e7d8d6a09e4d2f9a-asset-20260310033017-jqrzc.png
秘鲁,34,女性,模特,asset-20260320094054-299gp,https://sscm-media.oss-cn-guangzhou.aliyuncs.com/image/migrated/a213fd9cf87f2ee6-asset-20260320094054-299gp.png
中国,25,女性,DJ/音乐制作人,asset-20260320084543-nfl9x,https://sscm-media.oss-cn-guangzhou.aliyuncs.com/image/migrated/296783c0a568b86b-asset-20260320084543-nfl9x.png
中国,23,女性,网红/主播,asset-20260320095351-q975r,https://sscm-media.oss-cn-guangzhou.aliyuncs.com/image/migrated/23a5af521b88a922-asset-20260320095351-q975r.png
韩国,25,女性,银行柜员,asset-20260330153255-xt2dk,https://sscm-media.oss-cn-guangzhou.aliyuncs.com/image/migrated/177b44c6a2815906-asset-20260330153255-xt2dk.png
日本,29,女性,空姐/空少,asset-20260330154313-5gv6j,https://sscm-media.oss-cn-guangzhou.aliyuncs.com/image/migrated/6f8b1798285d1352-asset-20260330154313-5gv6j.png
日本,24,女,护士,asset-20260320074604-z2z6q,https://sscm-media.oss-cn-guangzhou.aliyuncs.com/image/migrated/3d8d4705cd5ba969-asset-20260320074604-z2z6q.png
丹麦,45,男性,演员,asset-20260224230003-zlprh,https://sscm-media.oss-cn-guangzhou.aliyuncs.com/image/migrated/c6f8667506f8a65f-asset-20260224230003-zlprh.png
意大利,19,女,咖啡师,asset-20260311091812-fh9db,https://sscm-media.oss-cn-guangzhou.aliyuncs.com/image/migrated/bc77ac002e388d20-asset-20260311091812-fh9db.png
喀麦隆,33,男性,设计师,asset-20260310030841-nbqkd,https://sscm-media.oss-cn-guangzhou.aliyuncs.com/image/migrated/449c1a9afaca63b2-asset-20260310030841-nbqkd.png
越南,22,女性,文员/行政,asset-20260320093350-6z5p9,https://sscm-media.oss-cn-guangzhou.aliyuncs.com/image/migrated/4c24aba7e27a50c1-asset-20260320093350-6z5p9.png
日本,26,男性,模特,asset-20260224225938-glt24,https://sscm-media.oss-cn-guangzhou.aliyuncs.com/image/migrated/2d40e5d60a72a654-asset-20260224225938-glt24.png
中国,55,男性,网红/主播,asset-20260224225614-dkbmk,https://sscm-media.oss-cn-guangzhou.aliyuncs.com/image/migrated/f231a2f3fa76a3df-asset-20260224225614-dkbmk.png
法国,28,女性,宠物美容师,asset-20260310030724-f92xw,https://sscm-media.oss-cn-guangzhou.aliyuncs.com/image/migrated/4a3e7e0e52a1d70d-asset-20260310030724-f92xw.png
中国,36,男性,摄影师,asset-20260224225709-6gzrh,https://sscm-media.oss-cn-guangzhou.aliyuncs.com/image/migrated/361601b6b6a7e7cf-asset-20260224225709-6gzrh.png
沙特阿拉伯,32,男,会计,asset-20260224195710-wbvbk,https://sscm-media.oss-cn-guangzhou.aliyuncs.com/image/migrated/932d9faba3114cd2-asset-20260224195710-wbvbk.png
中国,58,女性,会计,asset-20260310032630-lt692,https://sscm-media.oss-cn-guangzhou.aliyuncs.com/image/migrated/7aef99c979fff77d-asset-20260310032630-lt692.png
加纳,27,男性,DJ/音乐制作人,asset-20260310023244-9qzt5,https://sscm-media.oss-cn-guangzhou.aliyuncs.com/image/migrated/75fb9f48799e0068-asset-20260310023244-9qzt5.png
中国,35,女性,农民,asset-20260224225612-fvkww,https://sscm-media.oss-cn-guangzhou.aliyuncs.com/image/migrated/41eb4583233f18b5-asset-20260224225612-fvkww.png
尼日利亚,23,女,房产中介,asset-20260311093042-fhrbs,https://sscm-media.oss-cn-guangzhou.aliyuncs.com/image/migrated/e7fb35b97b5d86a1-asset-20260311093042-fhrbs.png
中国,28,女性,教师,asset-20260224225653-g2gc9,https://sscm-media.oss-cn-guangzhou.aliyuncs.com/image/migrated/937601ed120bee10-asset-20260224225653-g2gc9.png
英国,24,女性,收纳整理师,asset-20260310032411-v5g6j,https://sscm-media.oss-cn-guangzhou.aliyuncs.com/image/migrated/aa9be3253ebfe8bc-asset-20260310032411-v5g6j.png
越南,24,女性,程序员,asset-20260320095304-qnw5c,https://sscm-media.oss-cn-guangzhou.aliyuncs.com/image/migrated/8461b3e31762237d-asset-20260320095304-qnw5c.png
中国,44,男性,咖啡师,asset-20260320083742-qk2bm,https://sscm-media.oss-cn-guangzhou.aliyuncs.com/image/migrated/0edcd2028e6f3bb6-asset-20260320083742-qk2bm.png
中国,28,男性,摄影师,asset-20260330153155-ssx7c,https://sscm-media.oss-cn-guangzhou.aliyuncs.com/image/migrated/dbea8bc0223545d3-asset-20260330153155-ssx7c.png
中国,37,男性,科学家/研究员,asset-20260330154623-6w96r,https://sscm-media.oss-cn-guangzhou.aliyuncs.com/image/migrated/899e478e60578a8d-asset-20260330154623-6w96r.png
中国,23,女性,网红/主播,asset-20260330155715-th6nz,https://sscm-media.oss-cn-guangzhou.aliyuncs.com/image/migrated/627f0a2127d17b53-asset-20260330155715-th6nz.png
中国,38,女性,公务员,asset-20260330160314-jl9rj,https://sscm-media.oss-cn-guangzhou.aliyuncs.com/image/migrated/634c275e42e97e04-asset-20260330160314-jl9rj.png
德国,53,男,教师,asset-20260320075457-87c68,https://sscm-media.oss-cn-guangzhou.aliyuncs.com/image/migrated/21151c85a1acba5d-asset-20260320075457-87c68.png
中国,21,男性,调酒师,asset-20260320084907-8k4t4,https://sscm-media.oss-cn-guangzhou.aliyuncs.com/image/migrated/8e08c1013d598786-asset-20260320084907-8k4t4.png
越南,22,女性,文员/行政,asset-20260320092338-hz4kk,https://sscm-media.oss-cn-guangzhou.aliyuncs.com/image/migrated/58ff431ce9e33045-asset-20260320092338-hz4kk.png
日本,41,男性,模特,asset-20260320094823-csjqq,https://sscm-media.oss-cn-guangzhou.aliyuncs.com/image/migrated/17db9c0138e1339e-asset-20260320094823-csjqq.png
危地马拉,24,女,会计,asset-20260311090026-mwc4w,https://sscm-media.oss-cn-guangzhou.aliyuncs.com/image/migrated/5486630c701497e7-asset-20260311090026-mwc4w.png
尼日利亚,39,女,歌手,asset-20260311090701-s8ww8,https://sscm-media.oss-cn-guangzhou.aliyuncs.com/image/migrated/286c174650968ad0-asset-20260311090701-s8ww8.png
英国,18,女性,收纳整理师,asset-20260310033108-g4jz7,https://sscm-media.oss-cn-guangzhou.aliyuncs.com/image/migrated/5945b0783dde9bca-asset-20260310033108-g4jz7.png
中国,30,女,小贩/摊贩,asset-20260311090438-2tmsg,https://sscm-media.oss-cn-guangzhou.aliyuncs.com/image/migrated/74865b63197d189e-asset-20260311090438-2tmsg.png
加拿大,31,女,环卫工人,asset-20260311093351-s9jss,https://sscm-media.oss-cn-guangzhou.aliyuncs.com/image/migrated/9e3270d7e16c4161-asset-20260311093351-s9jss.png
中国,42,男,教师,asset-20260311091925-nhdk5,https://sscm-media.oss-cn-guangzhou.aliyuncs.com/image/migrated/f195ab59c4c3849b-asset-20260311091925-nhdk5.png
美国,22,女,导游,asset-20260224194928-2lc9h,https://sscm-media.oss-cn-guangzhou.aliyuncs.com/image/migrated/93ff97a4af1be062-asset-20260224194928-2lc9h.png
印度尼西亚,21,女性,摄影师,asset-20260310030940-gmkc4,https://sscm-media.oss-cn-guangzhou.aliyuncs.com/image/migrated/c6a89fbbe02022c4-asset-20260310030940-gmkc4.png
中国,41,女性,幼师,asset-20260320095120-9k2fh,https://sscm-media.oss-cn-guangzhou.aliyuncs.com/image/migrated/16c615fd7a64c10a-asset-20260320095120-9k2fh.png
中国,21,女性,收纳整理师,asset-20260320095902-zsph5,https://sscm-media.oss-cn-guangzhou.aliyuncs.com/image/migrated/0e6d4b0b6cf775f2-asset-20260320095902-zsph5.png
中国,35,女性,房产中介,asset-20260320095602-b594h,https://sscm-media.oss-cn-guangzhou.aliyuncs.com/image/migrated/8bad6c4788d50b33-asset-20260320095602-b594h.png
澳大利亚,28,女,会计,asset-20260320075354-lkblz,https://sscm-media.oss-cn-guangzhou.aliyuncs.com/image/migrated/7422ba67468f0ab3-asset-20260320075354-lkblz.png
中国,21,女性,作家,asset-20260320094312-pxhbk,https://sscm-media.oss-cn-guangzhou.aliyuncs.com/image/migrated/a33e45f0ebcfb5cc-asset-20260320094312-pxhbk.png
葡萄牙,35,女性,保洁,asset-20260310032717-6jjpr,https://sscm-media.oss-cn-guangzhou.aliyuncs.com/image/migrated/d9ae09f03d981eee-asset-20260310032717-6jjpr.png
美国,23,男,画家/艺术家,asset-20260224195706-cmrgt,https://sscm-media.oss-cn-guangzhou.aliyuncs.com/image/migrated/074b178a8205e192-asset-20260224195706-cmrgt.png
克罗地亚,18,男性,模特,asset-20260320092156-74ff2,https://sscm-media.oss-cn-guangzhou.aliyuncs.com/image/migrated/a0a736c74946ed8d-asset-20260320092156-74ff2.png
中国,25,女性,教师,asset-20260330154842-wsjjr,https://sscm-media.oss-cn-guangzhou.aliyuncs.com/image/migrated/f1a4c47a0957567e-asset-20260330154842-wsjjr.png
中国,52,女性,教师,asset-20260330154541-ckfvs,https://sscm-media.oss-cn-guangzhou.aliyuncs.com/image/migrated/89df17867bb85464-asset-20260330154541-ckfvs.png
中国,55,女性,记者/媒体人,asset-20260330155408-hj5kk,https://sscm-media.oss-cn-guangzhou.aliyuncs.com/image/migrated/d0b54dab2fc4db7d-asset-20260330155408-hj5kk.png
以色列,18,女性,作家,asset-20260330155633-ghxdr,https://sscm-media.oss-cn-guangzhou.aliyuncs.com/image/migrated/cacadfb1f55c92b6-asset-20260330155633-ghxdr.png
中国,25,女性,文员/行政,asset-20260330155836-rtl9f,https://sscm-media.oss-cn-guangzhou.aliyuncs.com/image/migrated/c3643f12f98e2dd7-asset-20260330155836-rtl9f.png
韩国,33,男性,摄影师,asset-20260330160005-xtzmn,https://sscm-media.oss-cn-guangzhou.aliyuncs.com/image/migrated/8855879c546ee4f0-asset-20260330160005-xtzmn.png
中国,31,女性,护工/家政工,asset-20260320095657-4bmxk,https://sscm-media.oss-cn-guangzhou.aliyuncs.com/image/migrated/218b632dea54c9d9-asset-20260320095657-4bmxk.png
中国,25,女性,美甲师,asset-20260320093931-g84qs,https://sscm-media.oss-cn-guangzhou.aliyuncs.com/image/migrated/cfea6fd2a034854c-asset-20260320093931-g84qs.png
越南,27,女性,银行柜员,asset-20260320095035-h9b8k,https://sscm-media.oss-cn-guangzhou.aliyuncs.com/image/migrated/db5d88cb9af9edcf-asset-20260320095035-h9b8k.png
墨西哥,23,男,矿工,asset-20260224195519-btqtx,https://sscm-media.oss-cn-guangzhou.aliyuncs.com/image/migrated/034bad4eed142f77-asset-20260224195519-btqtx.png
中国,26,女性,建筑师,asset-20260320093439-lbddf,https://sscm-media.oss-cn-guangzhou.aliyuncs.com/image/migrated/17471df1695871b0-asset-20260320093439-lbddf.png
韩国,27,女性,公务员,asset-20260330153344-tfwvt,https://sscm-media.oss-cn-guangzhou.aliyuncs.com/image/migrated/b2205050fadd1262-asset-20260330153344-tfwvt.png
中国,26,女性,销售,asset-20260330154454-tjxg2,https://sscm-media.oss-cn-guangzhou.aliyuncs.com/image/migrated/2c28e03e0c7baebe-asset-20260330154454-tjxg2.png
澳大利亚,28,女性,工厂工人,asset-20260330155320-6dnmm,https://sscm-media.oss-cn-guangzhou.aliyuncs.com/image/migrated/1d226a1e76f05376-asset-20260330155320-6dnmm.png
中国,50,男性,保安,asset-20260330155012-tqd25,https://sscm-media.oss-cn-guangzhou.aliyuncs.com/image/migrated/d2e108bd6c82f330-asset-20260330155012-tqd25.png
中国,23,女性,记者/媒体人,asset-20260320094400-tbrjl,https://sscm-media.oss-cn-guangzhou.aliyuncs.com/image/migrated/2eafb859016a853b-asset-20260320094400-tbrjl.png
泰国,25,女性,银行柜员,asset-20260320092703-hsjd5,https://sscm-media.oss-cn-guangzhou.aliyuncs.com/image/migrated/5e1a759f6ab55357-asset-20260320092703-hsjd5.png
不丹,49,男,销售,asset-20260320074514-hhldm,https://sscm-media.oss-cn-guangzhou.aliyuncs.com/image/migrated/228c51a9364f7ecd-asset-20260320074514-hhldm.png
加拿大,47,女,模特,asset-20260311093708-nznf2,https://sscm-media.oss-cn-guangzhou.aliyuncs.com/image/migrated/18554bc383b37c05-asset-20260311093708-nznf2.png
贝宁,22,女,咖啡师,asset-20260311085913-7952d,https://sscm-media.oss-cn-guangzhou.aliyuncs.com/image/migrated/23bbbbd672b97e3d-asset-20260311085913-7952d.png
泰国,34,女性,茶艺师,asset-20260320094148-mt67g,https://sscm-media.oss-cn-guangzhou.aliyuncs.com/image/migrated/2877b18824bec38e-asset-20260320094148-mt67g.png
中国,33,女性,房产中介,asset-20260320092615-6npb5,https://sscm-media.oss-cn-guangzhou.aliyuncs.com/image/migrated/f5a41255fae3f3d7-asset-20260320092615-6npb5.png
美国,26,女,店员/收银员,asset-20260320074340-7pcm7,https://sscm-media.oss-cn-guangzhou.aliyuncs.com/image/migrated/0fcf06775d8fd3fd-asset-20260320074340-7pcm7.png
哈萨克斯坦,30,女性,教师,asset-20260320084151-2dm5b,https://sscm-media.oss-cn-guangzhou.aliyuncs.com/image/migrated/99018463d93f2c49-asset-20260320084151-2dm5b.png
印度尼西亚,19,女性,歌手,asset-20260320075932-lq996,https://sscm-media.oss-cn-guangzhou.aliyuncs.com/image/migrated/ddd61dca03cbb4ca-asset-20260320075932-lq996.png
中国,45,女性,销售,asset-20260330154053-q4jxw,https://sscm-media.oss-cn-guangzhou.aliyuncs.com/image/migrated/4eae7d2b2198f317-asset-20260330154053-q4jxw.png
中国,30,女性,模特,asset-20260330155051-4fb8c,https://sscm-media.oss-cn-guangzhou.aliyuncs.com/image/migrated/d693c473ce042d13-asset-20260330155051-4fb8c.png
中国,38,女性,工厂工人,asset-20260330155759-2zlzl,https://sscm-media.oss-cn-guangzhou.aliyuncs.com/image/migrated/59519d191f4bdc8b-asset-20260330155759-2zlzl.png
中国,32,女性,护士,asset-20260320095813-l5rnf,https://sscm-media.oss-cn-guangzhou.aliyuncs.com/image/migrated/d7c0a75520526da7-asset-20260320095813-l5rnf.png
古巴,34,女,客服,asset-20260311093508-4jbhp,https://sscm-media.oss-cn-guangzhou.aliyuncs.com/image/migrated/3789c98d0e975ce5-asset-20260311093508-4jbhp.png
英国,32,女,工程师,asset-20260224202410-hhhnq,https://sscm-media.oss-cn-guangzhou.aliyuncs.com/image/migrated/4b60d71161a08bdc-asset-20260224202410-hhhnq.png
法国,71,女,果农,asset-20260311090201-bwtv9,https://sscm-media.oss-cn-guangzhou.aliyuncs.com/image/migrated/4a6638a0829f94de-asset-20260311090201-bwtv9.png
埃塞俄比亚,23,女性,美甲师,asset-20260310031152-7c8vr,https://sscm-media.oss-cn-guangzhou.aliyuncs.com/image/migrated/de6ac065a444b8e3-asset-20260310031152-7c8vr.png
挪威,33,女性,果农,asset-20260310032318-4mckn,https://sscm-media.oss-cn-guangzhou.aliyuncs.com/image/migrated/38d9d8d922d6f723-asset-20260310032318-4mckn.png
加拿大,29,女性,银行柜员,asset-20260320093845-9pvg2,https://sscm-media.oss-cn-guangzhou.aliyuncs.com/image/migrated/825e5e0cfad92c95-asset-20260320093845-9pvg2.png
以色列,18,女性,作家,asset-20260320095208-zbw7r,https://sscm-media.oss-cn-guangzhou.aliyuncs.com/image/migrated/301c5032fa15f91f-asset-20260320095208-zbw7r.png
新西兰,28,男性,摄影师,asset-20260320084258-6z2xb,https://sscm-media.oss-cn-guangzhou.aliyuncs.com/image/migrated/8d32f7677fbcb018-asset-20260320084258-6z2xb.png
中国,32,男性,摄影师,asset-20260320080123-zvbtl,https://sscm-media.oss-cn-guangzhou.aliyuncs.com/image/migrated/a3618991a26cd4d1-asset-20260320080123-zvbtl.png
马达加斯加,30,女性,公务员,asset-20260320083036-c5h2t,https://sscm-media.oss-cn-guangzhou.aliyuncs.com/image/migrated/363011ba462e5200-asset-20260320083036-c5h2t.png
中国,30,女性,工程师,asset-20260330153606-bb5sj,https://sscm-media.oss-cn-guangzhou.aliyuncs.com/image/migrated/3afb52bc821291f6-asset-20260330153606-bb5sj.png
意大利,34,女性,客服,asset-20260330155544-ntrzm,https://sscm-media.oss-cn-guangzhou.aliyuncs.com/image/migrated/a130c15a49bdef7f-asset-20260330155544-ntrzm.png
法国,32,女性,客服,asset-20260330160218-s5b7c,https://sscm-media.oss-cn-guangzhou.aliyuncs.com/image/migrated/8e0402547bbd3d2d-asset-20260330160218-s5b7c.png
秘鲁,33,女,护士,asset-20260224194526-c2j4c,https://sscm-media.oss-cn-guangzhou.aliyuncs.com/image/migrated/bc12154a1d8491c7-asset-20260224194526-c2j4c.png
中国,36,男性,模特,asset-20260310032549-dvtw9,https://sscm-media.oss-cn-guangzhou.aliyuncs.com/image/migrated/260b26978c14e464-asset-20260310032549-dvtw9.png
西班牙,33,女,农民,asset-20260311092049-rbx2l,https://sscm-media.oss-cn-guangzhou.aliyuncs.com/image/migrated/e432d0ccd8f43f3b-asset-20260311092049-rbx2l.png
中国,28,男性,设计师,asset-20260320094231-ps8mn,https://sscm-media.oss-cn-guangzhou.aliyuncs.com/image/migrated/caa7a94ea16e71b9-asset-20260320094231-ps8mn.png
中国,35,女性,导游,asset-20260320094724-7r5bv,https://sscm-media.oss-cn-guangzhou.aliyuncs.com/image/migrated/7c577cbbd91598b4-asset-20260320094724-7r5bv.png
贝宁,25,男性,程序员,asset-20260320084451-b8lxx,https://sscm-media.oss-cn-guangzhou.aliyuncs.com/image/migrated/ffb6709f5eae0995-asset-20260320084451-b8lxx.png
中国,35,男性,文员/行政,asset-20260224225700-rmllr,https://sscm-media.oss-cn-guangzhou.aliyuncs.com/image/migrated/06ff9ce86081fc57-asset-20260224225700-rmllr.png
韩国,33,男性,模特,asset-20260224225935-kjws7,https://sscm-media.oss-cn-guangzhou.aliyuncs.com/image/migrated/970e3bde0fb9b110-asset-20260224225935-kjws7.png
马达加斯加,22,女,空姐/空少,asset-20260224202402-86nq2,https://sscm-media.oss-cn-guangzhou.aliyuncs.com/image/migrated/e4a61c91b16c019c-asset-20260224202402-86nq2.png
中国,19,男,画家/艺术家,asset-20260224201552-fxsmg,https://sscm-media.oss-cn-guangzhou.aliyuncs.com/image/migrated/110f98f49193fb73-asset-20260224201552-fxsmg.png
中国,68,男性,农民,asset-20260224225518-66n8l,https://sscm-media.oss-cn-guangzhou.aliyuncs.com/image/migrated/ada0e368d87e701a-asset-20260224225518-66n8l.png
中国,42,男性,科学家/研究员,asset-20260224225757-ptbwx,https://sscm-media.oss-cn-guangzhou.aliyuncs.com/image/migrated/0ca523fb1def93d0-asset-20260224225757-ptbwx.png
中国,22,男性,网红/主播,asset-20260224225624-jccg5,https://sscm-media.oss-cn-guangzhou.aliyuncs.com/image/migrated/978928623e00b66a-asset-20260224225624-jccg5.png
中国,32,女性,律师,asset-20260224225645-zrz58,https://sscm-media.oss-cn-guangzhou.aliyuncs.com/image/migrated/fa5776f54723071e-asset-20260224225645-zrz58.png
中国,40,女性,快递员,asset-20260224225714-rslpd,https://sscm-media.oss-cn-guangzhou.aliyuncs.com/image/migrated/99c3660511401569-asset-20260224225714-rslpd.png
中国,22,女性,画家/艺术家,asset-20260224225725-r4678,https://sscm-media.oss-cn-guangzhou.aliyuncs.com/image/migrated/d505dc69d7a6228f-asset-20260224225725-r4678.png
中国,62,女性,农民,asset-20260224225605-p97mg,https://sscm-media.oss-cn-guangzhou.aliyuncs.com/image/migrated/759d5a8823993141-asset-20260224225605-p97mg.png
中国,75,男性,果农,asset-20260224225628-bnsps,https://sscm-media.oss-cn-guangzhou.aliyuncs.com/image/migrated/3dffe0904d77f31e-asset-20260224225628-bnsps.png
丹麦,35,男性,医生,asset-20260224225804-88fnl,https://sscm-media.oss-cn-guangzhou.aliyuncs.com/image/migrated/1fbf19686485767e-asset-20260224225804-88fnl.png
美国,21,女性,企业家/CEO,asset-20260320094015-jxfk7,https://sscm-media.oss-cn-guangzhou.aliyuncs.com/image/migrated/a8cc8e808ffb04ad-asset-20260320094015-jxfk7.png
巴西,35,男,心理咨询师,asset-20260320074929-rwtmt,https://sscm-media.oss-cn-guangzhou.aliyuncs.com/image/migrated/58d65867070509f6-asset-20260320074929-rwtmt.png
英国,55,女性,农民,asset-20260320081801-m5rdl,https://sscm-media.oss-cn-guangzhou.aliyuncs.com/image/migrated/32a64f941164bd68-asset-20260320081801-m5rdl.png
中国,72,女性,大学教授,asset-20260224225611-nb22n,https://sscm-media.oss-cn-guangzhou.aliyuncs.com/image/migrated/8ba80ac4cb9ddabc-asset-20260224225611-nb22n.png
中国,58,男性,医生,asset-20260224225603-hqc85,https://sscm-media.oss-cn-guangzhou.aliyuncs.com/image/migrated/4b348c100c80abdc-asset-20260224225603-hqc85.png
美国,23,男性,大学生,asset-20260224225741-jmx9l,https://sscm-media.oss-cn-guangzhou.aliyuncs.com/image/migrated/33ae2e161fe7d2e8-asset-20260224225741-jmx9l.png
秘鲁,21,女,大学生,asset-20260311090553-x6qxc,https://sscm-media.oss-cn-guangzhou.aliyuncs.com/image/migrated/ca25d5ce7c2f5462-asset-20260311090553-x6qxc.png
中国,55,男性,网红/主播,asset-20260224225609-f2mkv,https://sscm-media.oss-cn-guangzhou.aliyuncs.com/image/migrated/7b23044af41fc96a-asset-20260224225609-f2mkv.png
英国,25,女性,演员,asset-20260224225923-wf85l,https://sscm-media.oss-cn-guangzhou.aliyuncs.com/image/migrated/c035d2dbd37de8f6-asset-20260224225923-wf85l.png
西班牙,25,男性,舞蹈演员,asset-20260224225756-r9dl7,https://sscm-media.oss-cn-guangzhou.aliyuncs.com/image/migrated/298f31185c585e52-asset-20260224225756-r9dl7.png
中国,42,男性,快递员,asset-20260224225646-vjhc5,https://sscm-media.oss-cn-guangzhou.aliyuncs.com/image/migrated/8ead9f5037ca347c-asset-20260224225646-vjhc5.png
海地,58,男,文员/行政,asset-20260224203441-92nxw,https://sscm-media.oss-cn-guangzhou.aliyuncs.com/image/migrated/758325a1d3a48142-asset-20260224203441-92nxw.png
西班牙,42,男性,演员,asset-20260224225931-msztx,https://sscm-media.oss-cn-guangzhou.aliyuncs.com/image/migrated/e1a260c013ae8fb0-asset-20260224225931-msztx.png
中国,32,女性,外卖员,asset-20260224225621-klw2k,https://sscm-media.oss-cn-guangzhou.aliyuncs.com/image/migrated/326b167412a2b6bc-asset-20260224225621-klw2k.png
美国,26,女性,模特,asset-20260224225856-flklk,https://sscm-media.oss-cn-guangzhou.aliyuncs.com/image/migrated/7fac037b526bb9f7-asset-20260224225856-flklk.png
英国,35,男性,西餐厨师/糕点师,asset-20260224225924-tms82,https://sscm-media.oss-cn-guangzhou.aliyuncs.com/image/migrated/a768bacaf9565714-asset-20260224225924-tms82.png
西班牙,38,男性,演员,asset-20260224225812-2fgf7,https://sscm-media.oss-cn-guangzhou.aliyuncs.com/image/migrated/90c16f66c0d18d11-asset-20260224225812-2fgf7.png
老挝,26,女,文员/行政,asset-20260224200735-cwnq4,https://sscm-media.oss-cn-guangzhou.aliyuncs.com/image/migrated/cd0e9d5db5f245a4-asset-20260224200735-cwnq4.png
中国,33,男性,农业专家,asset-20260310032458-w6zf9,https://sscm-media.oss-cn-guangzhou.aliyuncs.com/image/migrated/988b53b28ebe111f-asset-20260310032458-w6zf9.png
尼日利亚,30,男性,工厂工人,asset-20260224230004-g79ds,https://sscm-media.oss-cn-guangzhou.aliyuncs.com/image/migrated/03e9edbb781351a6-asset-20260224230004-g79ds.png
中国,52,女性,DJ/音乐制作人,asset-20260320093540-7zkkp,https://sscm-media.oss-cn-guangzhou.aliyuncs.com/image/migrated/5a7be11fe6d251d0-asset-20260320093540-7zkkp.png
中国,45,女性,会计,asset-20260320092041-7sqjq,https://sscm-media.oss-cn-guangzhou.aliyuncs.com/image/migrated/6c895cb8d69de22e-asset-20260320092041-7sqjq.png
缅甸,33,女,调酒师,asset-20260320074425-tdsm4,https://sscm-media.oss-cn-guangzhou.aliyuncs.com/image/migrated/1ad4d3b5145e7e4a-asset-20260320074425-tdsm4.png
中国,24,女性,演员,asset-20260224225906-4s8k7,https://sscm-media.oss-cn-guangzhou.aliyuncs.com/image/migrated/6ce3b36f9fe8361e-asset-20260224225906-4s8k7.png
中国,26,女性,快递员,asset-20260224225650-xgr48,https://sscm-media.oss-cn-guangzhou.aliyuncs.com/image/migrated/626d8f385c92bdfd-asset-20260224225650-xgr48.png
中国,30,男性,网红/主播,asset-20260224225619-wpfrt,https://sscm-media.oss-cn-guangzhou.aliyuncs.com/image/migrated/3f36704d1d77c29a-asset-20260224225619-wpfrt.png
中国,25,男性,演员,asset-20260224225815-zsws8,https://sscm-media.oss-cn-guangzhou.aliyuncs.com/image/migrated/847d0dd7ad352f23-asset-20260224225815-zsws8.png
中国,45,男性,医生,asset-20260224225728-qjlzn,https://sscm-media.oss-cn-guangzhou.aliyuncs.com/image/migrated/81ea7669f08f8666-asset-20260224225728-qjlzn.png
美国,24,女性,模特,asset-20260224225820-xzhw6,https://sscm-media.oss-cn-guangzhou.aliyuncs.com/image/migrated/baf670eb8d73b784-asset-20260224225820-xzhw6.png
中国,32,女性,工程师,asset-20260224225652-z5whr,https://sscm-media.oss-cn-guangzhou.aliyuncs.com/image/migrated/4013e24d73d4a730-asset-20260224225652-z5whr.png
中国,48,男性,演员,asset-20260224225807-srt24,https://sscm-media.oss-cn-guangzhou.aliyuncs.com/image/migrated/8313c062405af6e2-asset-20260224225807-srt24.png
英国,42,女性,演员,asset-20260224225921-7wx5s,https://sscm-media.oss-cn-guangzhou.aliyuncs.com/image/migrated/d0e321c7e7e20361-asset-20260224225921-7wx5s.png
中国,30,男,外科医生,asset-20260311092315-88xts,https://sscm-media.oss-cn-guangzhou.aliyuncs.com/image/migrated/6f62f9622d5ab086-asset-20260311092315-88xts.png
泰国,25,女性,记者/媒体人,asset-20260330153519-sm76r,https://sscm-media.oss-cn-guangzhou.aliyuncs.com/image/migrated/d782429d46346fff-asset-20260330153519-sm76r.png
印尼,38,男性,小贩/摊贩,asset-20260224230000-qfwqm,https://sscm-media.oss-cn-guangzhou.aliyuncs.com/image/migrated/b71bcd2709e7a725-asset-20260224230000-qfwqm.png
日本,28,男性,模特,asset-20260224225920-c9lb7,https://sscm-media.oss-cn-guangzhou.aliyuncs.com/image/migrated/32780415e97de8b4-asset-20260224225920-c9lb7.png
中国,73,女性,演员,asset-20260224225710-qd85p,https://sscm-media.oss-cn-guangzhou.aliyuncs.com/image/migrated/88ac714d89a05b93-asset-20260224225710-qd85p.png
中国,55,男性,农民,asset-20260224225604-t689g,https://sscm-media.oss-cn-guangzhou.aliyuncs.com/image/migrated/f605987a5a34f587-asset-20260224225604-t689g.png
丹麦,23,男性,设计师,asset-20260224225750-8w69j,https://sscm-media.oss-cn-guangzhou.aliyuncs.com/image/migrated/7b9054d33a3ef088-asset-20260224225750-8w69j.png
中国,63,女性,厨师,asset-20260224225711-t5xfd,https://sscm-media.oss-cn-guangzhou.aliyuncs.com/image/migrated/8d594554c45f85fd-asset-20260224225711-t5xfd.png
印尼,22,女性,工厂工人,asset-20260224225752-bznjx,https://sscm-media.oss-cn-guangzhou.aliyuncs.com/image/migrated/210f80e3bf333843-asset-20260224225752-bznjx.png
中国,34,女性,医生,asset-20260224225706-jn7zj,https://sscm-media.oss-cn-guangzhou.aliyuncs.com/image/migrated/df3d7a71912faf2c-asset-20260224225706-jn7zj.png
中国,19,男性,大学生,asset-20260224225733-8jrgd,https://sscm-media.oss-cn-guangzhou.aliyuncs.com/image/migrated/e5432bbd6877124f-asset-20260224225733-8jrgd.png
尼日利亚,23,男性,摄影师,asset-20260224225731-2dz5l,https://sscm-media.oss-cn-guangzhou.aliyuncs.com/image/migrated/af1c76cc9502cfc8-asset-20260224225731-2dz5l.png
哈萨克斯坦,18,女,护工/家政工,asset-20260224200444-bxk7v,https://sscm-media.oss-cn-guangzhou.aliyuncs.com/image/migrated/5fd34af631c6fde5-asset-20260224200444-bxk7v.png
韩国,36,女性,企业家/CEO,asset-20260224225656-kt777,https://sscm-media.oss-cn-guangzhou.aliyuncs.com/image/migrated/a1916d1656ed41c3-asset-20260224225656-kt777.png
越南,26,女性,网红,asset-20260330153653-dkfbm,https://sscm-media.oss-cn-guangzhou.aliyuncs.com/image/migrated/bab9936bfb3992e8-asset-20260330153653-dkfbm.png
海地,28,男,网约车司机,asset-20260224203118-fhxps,https://sscm-media.oss-cn-guangzhou.aliyuncs.com/image/migrated/1ce9688cdaef26ee-asset-20260224203118-fhxps.png
韩国,34,女,店员/收银员,asset-20260224200357-qqt5r,https://sscm-media.oss-cn-guangzhou.aliyuncs.com/image/migrated/49c17e472bc540fc-asset-20260224200357-qqt5r.png
中国,46,男性,搬运工,asset-20260320094619-ww8fl,https://sscm-media.oss-cn-guangzhou.aliyuncs.com/image/migrated/df74d65f9367b5a9-asset-20260320094619-ww8fl.png
牙买加,39,女性,摄影师,asset-20260320093309-zk85t,https://sscm-media.oss-cn-guangzhou.aliyuncs.com/image/migrated/9312be837d5e2cf6-asset-20260320093309-zk85t.png
新西兰,51,女,摄影师,asset-20260311092608-m5r2l,https://sscm-media.oss-cn-guangzhou.aliyuncs.com/image/migrated/f5d42966f1e80d87-asset-20260311092608-m5r2l.png
德国,23,男,DJ/音乐制作人,asset-20260224195531-w6n9m,https://sscm-media.oss-cn-guangzhou.aliyuncs.com/image/migrated/fb3f8e011197c4df-asset-20260224195531-w6n9m.png
刚果（布）,20,女,店员/收银员,asset-20260224202304-7qgf5,https://sscm-media.oss-cn-guangzhou.aliyuncs.com/image/migrated/ea7fc3dd6a8c7313-asset-20260224202304-7qgf5.png
老挝,20,男,司机/货车司机,asset-20260224201551-gpzsq,https://sscm-media.oss-cn-guangzhou.aliyuncs.com/image/migrated/9c56d897d0e32c47-asset-20260224201551-gpzsq.png
巴西,19,女性,大学生,asset-20260330155233-xj224,https://sscm-media.oss-cn-guangzhou.aliyuncs.com/image/migrated/c750807f7018706a-asset-20260330155233-xj224.png
西班牙,25,女,保险业务员,asset-20260311092447-drmkz,https://sscm-media.oss-cn-guangzhou.aliyuncs.com/image/migrated/692e2b3fbf329f16-asset-20260311092447-drmkz.png
日本,31,女,会计,asset-20260224200516-dphfs,https://sscm-media.oss-cn-guangzhou.aliyuncs.com/image/migrated/2c98418c0e446125-asset-20260224200516-dphfs.png
刚果（金）,70,男,木匠,asset-20260224203446-t4sr2,https://sscm-media.oss-cn-guangzhou.aliyuncs.com/image/migrated/9fd06c541ae710ae-asset-20260224203446-t4sr2.png
阿根廷,64,女性,退休人员,asset-20260320081044-cffwz,https://sscm-media.oss-cn-guangzhou.aliyuncs.com/image/migrated/39148e259bca29fe-asset-20260320081044-cffwz.png
越南,34,女性,导游,asset-20260330160051-l4pcq,https://sscm-media.oss-cn-guangzhou.aliyuncs.com/image/migrated/9d97679304062bc4-asset-20260330160051-l4pcq.png
中国,23,女性,教师,asset-20260330155924-72gwj,https://sscm-media.oss-cn-guangzhou.aliyuncs.com/image/migrated/c514eda6f6cc8a13-asset-20260330155924-72gwj.png
津巴布韦,21,女,大学生,asset-20260311092211-4lcxn,https://sscm-media.oss-cn-guangzhou.aliyuncs.com/image/migrated/f8251bb767a97d1d-asset-20260311092211-4lcxn.png
老挝,22,女性,药剂师,asset-20260330153836-rddl6,https://sscm-media.oss-cn-guangzhou.aliyuncs.com/image/migrated/2259b02ee127d63f-asset-20260330153836-rddl6.png
巴西,34,女,外卖员,asset-20260224202358-2pwz8,https://sscm-media.oss-cn-guangzhou.aliyuncs.com/image/migrated/cc3e3a61657f4f60-asset-20260224202358-2pwz8.png
泰国,18,男,外卖员,asset-20260224201650-7wqr2,https://sscm-media.oss-cn-guangzhou.aliyuncs.com/image/migrated/07354c42bf468bf4-asset-20260224201650-7wqr2.png
阿根廷,32,男,心理咨询师,asset-20260224195507-hgvtr,https://sscm-media.oss-cn-guangzhou.aliyuncs.com/image/migrated/8561e30af4dd1483-asset-20260224195507-hgvtr.png
印度尼西亚,23,男,服务员,asset-20260224201658-8rm2h,https://sscm-media.oss-cn-guangzhou.aliyuncs.com/image/migrated/f110b9410dba07fa-asset-20260224201658-8rm2h.png
越南,24,女性,咖啡师,asset-20260330154140-qprhb,https://sscm-media.oss-cn-guangzhou.aliyuncs.com/image/migrated/f1da5f246161670e-asset-20260330154140-qprhb.png
美国,29,女性,银行柜员,asset-20260330154928-zjzqh,https://sscm-media.oss-cn-guangzhou.aliyuncs.com/image/migrated/0000200694b20066-asset-20260330154928-zjzqh.png
马来西亚,18,女性,婚礼策划师,asset-20260330154406-v4ffk,https://sscm-media.oss-cn-guangzhou.aliyuncs.com/image/migrated/64f6eefe89ef6ab1-asset-20260330154406-v4ffk.png
日本,28,女性,会计,asset-20260330155149-l5vpg,https://sscm-media.oss-cn-guangzhou.aliyuncs.com/image/migrated/03abc2370ed0a56c-asset-20260330155149-l5vpg.png
泰国,33,男,外贸业务员,asset-20260224201529-nmx8r,https://sscm-media.oss-cn-guangzhou.aliyuncs.com/image/migrated/c28fcb07b4002419-asset-20260224201529-nmx8r.png
巴布亚新几内亚,23,女,护士,asset-20260224202405-j5vl6,https://sscm-media.oss-cn-guangzhou.aliyuncs.com/image/migrated/0ece9c47e593414c-asset-20260224202405-j5vl6.png
中国,18,女,模特,asset-20260224200404-nkfxs,https://sscm-media.oss-cn-guangzhou.aliyuncs.com/image/migrated/742d68949d59706e-asset-20260224200404-nkfxs.png
坦桑尼亚,44,女,模特,asset-20260224202726-xszvm,https://sscm-media.oss-cn-guangzhou.aliyuncs.com/image/migrated/d0b860fe32e2f281-asset-20260224202726-xszvm.png
肯尼亚,21,女,理发师,asset-20260311092705-hnpk7,https://sscm-media.oss-cn-guangzhou.aliyuncs.com/image/migrated/26c0159d98a981e1-asset-20260311092705-hnpk7.png
德国,33,男,牙医,asset-20260224195603-b9jq6,https://sscm-media.oss-cn-guangzhou.aliyuncs.com/image/migrated/74721a362d0cc8db-asset-20260224195603-b9jq6.png
爱尔兰,33,女,工厂工人,asset-20260224194637-4v5ff,https://sscm-media.oss-cn-guangzhou.aliyuncs.com/image/migrated/e5ed37aa5a458f66-asset-20260224194637-4v5ff.png
马里,50,男性,摄影师,asset-20260330154757-7675b,https://sscm-media.oss-cn-guangzhou.aliyuncs.com/image/migrated/8fbbc58468eb0791-asset-20260330154757-7675b.png
格鲁吉亚,50,女性,教师,asset-20260330155456-jvrvq,https://sscm-media.oss-cn-guangzhou.aliyuncs.com/image/migrated/f22ba517fad9949b-asset-20260330155456-jvrvq.png
肯尼亚,72,男,网约车司机,asset-20260224203441-8hg97,https://sscm-media.oss-cn-guangzhou.aliyuncs.com/image/migrated/0b173ec97ed2b30f-asset-20260224203441-8hg97.png
土耳其,18,女,美甲师,asset-20260224194626-xvvxw,https://sscm-media.oss-cn-guangzhou.aliyuncs.com/image/migrated/e1c3c8d15cecce7c-asset-20260224194626-xvvxw.png
英国,19,女,客服,asset-20260224202406-7bc46,https://sscm-media.oss-cn-guangzhou.aliyuncs.com/image/migrated/045cd1eedcd94fd0-asset-20260224202406-7bc46.png
中国,24,男,保安,asset-20260224201649-vdhcb,https://sscm-media.oss-cn-guangzhou.aliyuncs.com/image/migrated/a8aece7afb6d5bf4-asset-20260224201649-vdhcb.png
肯尼亚,34,男性,文员/行政,asset-20260330153920-96sh4,https://sscm-media.oss-cn-guangzhou.aliyuncs.com/image/migrated/cf9d9eb04a0dd9e2-asset-20260330153920-96sh4.png
蒙古国,53,女性,护工/家政工,asset-20260330154708-cp8pr,https://sscm-media.oss-cn-guangzhou.aliyuncs.com/image/migrated/d32550d02ec761d8-asset-20260330154708-cp8pr.png
尼泊尔,46,男,茶艺师,asset-20260224202157-4bxhv,https://sscm-media.oss-cn-guangzhou.aliyuncs.com/image/migrated/62606f2f29dbed67-asset-20260224202157-4bxhv.png
蒙古国,89,男,退休人员,asset-20260224202252-t5jst,https://sscm-media.oss-cn-guangzhou.aliyuncs.com/image/migrated/b9812461a67f02b9-asset-20260224202252-t5jst.png
巴布亚新几内亚,34,男,设计师,asset-20260224203118-22s57,https://sscm-media.oss-cn-guangzhou.aliyuncs.com/image/migrated/261bed7517d09166-asset-20260224203118-22s57.png
法国,86,女性,退休人员,asset-20260320084655-r7lmh,https://sscm-media.oss-cn-guangzhou.aliyuncs.com/image/migrated/07b49946b7ff3ac5-asset-20260320084655-r7lmh.png
荷兰,28,女,文员/行政,asset-20260224202529-hsgtt,https://sscm-media.oss-cn-guangzhou.aliyuncs.com/image/migrated/a700630e2aa1098b-asset-20260224202529-hsgtt.png
中国,22,男,工程师,asset-20260224201619-rxxdr,https://sscm-media.oss-cn-guangzhou.aliyuncs.com/image/migrated/c039e8169ce396dc-asset-20260224201619-rxxdr.png
埃塞俄比亚,32,女,农业专家,asset-20260224202530-jg24g,https://sscm-media.oss-cn-guangzhou.aliyuncs.com/image/migrated/ad78b9c4c263b4c0-asset-20260224202530-jg24g.png
美国,18,女,农民,asset-20260224202359-jw9dv,https://sscm-media.oss-cn-guangzhou.aliyuncs.com/image/migrated/4ca15d36532331b6-asset-20260224202359-jw9dv.png
阿塞拜疆,46,女,企业家/CEO,asset-20260224195247-bq5cg,https://sscm-media.oss-cn-guangzhou.aliyuncs.com/image/migrated/d8fcdd779f9f08f0-asset-20260224195247-bq5cg.png
哈萨克斯坦,27,男,医生,asset-20260224201909-t8dhh,https://sscm-media.oss-cn-guangzhou.aliyuncs.com/image/migrated/b4d9829574f764b2-asset-20260224201909-t8dhh.png
巴西,35,男,修理工/水电工,asset-20260224203113-snj58,https://sscm-media.oss-cn-guangzhou.aliyuncs.com/image/migrated/8ad5c57cc242b1ea-asset-20260224203113-snj58.png
中国,75,男性,果农,asset-20260224225554-ds5rq,https://sscm-media.oss-cn-guangzhou.aliyuncs.com/image/migrated/16e4c54a3ade05b1-asset-20260224225554-ds5rq.png
埃塞俄比亚,34,女,销售,asset-20260224202320-j879r,https://sscm-media.oss-cn-guangzhou.aliyuncs.com/image/migrated/215e5f992e55f51b-asset-20260224202320-j879r.png
日本,30,女,网红/主播,asset-20260224200405-n9bb7,https://sscm-media.oss-cn-guangzhou.aliyuncs.com/image/migrated/90dde729f040808b-asset-20260224200405-n9bb7.png
乌兹别克斯坦,20,女,导游,asset-20260224200719-tztmw,https://sscm-media.oss-cn-guangzhou.aliyuncs.com/image/migrated/7a647aecb2d01027-asset-20260224200719-tztmw.png
巴布亚新几内亚,32,女,教师,asset-20260224202413-w5zjl,https://sscm-media.oss-cn-guangzhou.aliyuncs.com/image/migrated/3ec00faaabd58a7b-asset-20260224202413-w5zjl.png
泰国,27,男,会计,asset-20260224201558-nm52f,https://sscm-media.oss-cn-guangzhou.aliyuncs.com/image/migrated/1751f98533b4c66d-asset-20260224201558-nm52f.png
尼日利亚,72,男,农业专家,asset-20260224203449-v9vt2,https://sscm-media.oss-cn-guangzhou.aliyuncs.com/image/migrated/0f7f4e823a734095-asset-20260224203449-v9vt2.png
美国,32,男,企业家/CEO,asset-20260224203123-x42vb,https://sscm-media.oss-cn-guangzhou.aliyuncs.com/image/migrated/e95678f47c443980-asset-20260224203123-x42vb.png
新西兰,28,男,公务员,asset-20260224201608-t686c,https://sscm-media.oss-cn-guangzhou.aliyuncs.com/image/migrated/805db71f0925f508-asset-20260224201608-t686c.png
玻利维亚,31,女,农民,asset-20260224194945-2v54g,https://sscm-media.oss-cn-guangzhou.aliyuncs.com/image/migrated/adc784771d368493-asset-20260224194945-2v54g.png
贝宁,23,女,外卖员,asset-20260224202524-v5492,https://sscm-media.oss-cn-guangzhou.aliyuncs.com/image/migrated/2384662064a10a06-asset-20260224202524-v5492.png
美国,33,女,空姐/空少,asset-20260224202410-z7w9p,https://sscm-media.oss-cn-guangzhou.aliyuncs.com/image/migrated/800ac5886ff902be-asset-20260224202410-z7w9p.png
尼日利亚,53,女,护工/家政工,asset-20260224202722-qbwdg,https://sscm-media.oss-cn-guangzhou.aliyuncs.com/image/migrated/6a37b3bbeb6ac00a-asset-20260224202722-qbwdg.png
印度尼西亚,33,女,教师,asset-20260224200729-7m8dr,https://sscm-media.oss-cn-guangzhou.aliyuncs.com/image/migrated/859a7204361c803e-asset-20260224200729-7m8dr.png
巴西,28,男,公务员,asset-20260224195518-sdw9j,https://sscm-media.oss-cn-guangzhou.aliyuncs.com/image/migrated/25c06a8ca18cfcbf-asset-20260224195518-sdw9j.png
乌克兰,19,男,司机/货车司机,asset-20260224195619-pbqbd,https://sscm-media.oss-cn-guangzhou.aliyuncs.com/image/migrated/e5c7f89cc79acaf8-asset-20260224195619-pbqbd.png
越南,51,女,画家/艺术家,asset-20260224201326-7tsgg,https://sscm-media.oss-cn-guangzhou.aliyuncs.com/image/migrated/fd50987df56e7924-asset-20260224201326-7tsgg.png
中国,29,女,小贩/摊贩,asset-20260224200341-s62r9,https://sscm-media.oss-cn-guangzhou.aliyuncs.com/image/migrated/567e393a19280e1e-asset-20260224200341-s62r9.png
法国,48,男,保险业务员,asset-20260224200135-mfg6l,https://sscm-media.oss-cn-guangzhou.aliyuncs.com/image/migrated/58b177ea32733eb4-asset-20260224200135-mfg6l.png
古巴,34,女,记者/媒体人,asset-20260224202432-whtdl,https://sscm-media.oss-cn-guangzhou.aliyuncs.com/image/migrated/d840296c80b12045-asset-20260224202432-whtdl.png
英国,26,女,网红/主播,asset-20260224202401-8qfdz,https://sscm-media.oss-cn-guangzhou.aliyuncs.com/image/migrated/bba033488810fac6-asset-20260224202401-8qfdz.png
英国,80,女,退休人员,asset-20260224195456-4rv82,https://sscm-media.oss-cn-guangzhou.aliyuncs.com/image/migrated/e78ecc16a0670b52-asset-20260224195456-4rv82.png
阿根廷,34,女,小贩/摊贩,asset-20260224200733-qzsb5,https://sscm-media.oss-cn-guangzhou.aliyuncs.com/image/migrated/a8db6f24696b6c25-asset-20260224200733-qzsb5.png
坦桑尼亚,23,男,茶艺师,asset-20260224203106-l75bw,https://sscm-media.oss-cn-guangzhou.aliyuncs.com/image/migrated/4c5f0f0e0fad9ce8-asset-20260224203106-l75bw.png
乌拉圭,37,女,茶艺师,asset-20260224195256-mx4qf,https://sscm-media.oss-cn-guangzhou.aliyuncs.com/image/migrated/2bea581b3d894292-asset-20260224195256-mx4qf.png
西班牙,24,女,美甲师,asset-20260224195019-cwqfj,https://sscm-media.oss-cn-guangzhou.aliyuncs.com/image/migrated/748f4f63294280a5-asset-20260224195019-cwqfj.png
巴西,34,女,客服,asset-20260224202412-nfj52,https://sscm-media.oss-cn-guangzhou.aliyuncs.com/image/migrated/dfe12dfbf34ef582-asset-20260224202412-nfj52.png
日本,19,男,环卫工人,asset-20260224201949-x5p7b,https://sscm-media.oss-cn-guangzhou.aliyuncs.com/image/migrated/42b8f789c7abe355-asset-20260224201949-x5p7b.png
中国,34,男,环卫工人,asset-20260224201625-kdktn,https://sscm-media.oss-cn-guangzhou.aliyuncs.com/image/migrated/d400b3a6f1d583e2-asset-20260224201625-kdktn.png
秘鲁,32,女,婚礼策划师,asset-20260224202403-h8mkr,https://sscm-media.oss-cn-guangzhou.aliyuncs.com/image/migrated/5035981ef68e7f4e-asset-20260224202403-h8mkr.png
刚果（布）,70,男,歌手,asset-20260224203446-94mlc,https://sscm-media.oss-cn-guangzhou.aliyuncs.com/image/migrated/67548e9a3d24c911-asset-20260224203446-94mlc.png
亚美尼亚,49,男,科学家/研究员,asset-20260224200121-gszc8,https://sscm-media.oss-cn-guangzhou.aliyuncs.com/image/migrated/b8337613fe0da891-asset-20260224200121-gszc8.png
秘鲁,34,女,高铁乘务员,asset-20260224194431-bxvkq,https://sscm-media.oss-cn-guangzhou.aliyuncs.com/image/migrated/53fcdc0e1cfaefef-asset-20260224194431-bxvkq.png
阿根廷,50,男,搬运工,asset-20260224202151-4859l,https://sscm-media.oss-cn-guangzhou.aliyuncs.com/image/migrated/d01a5b3d4e1704d2-asset-20260224202151-4859l.png
危地马拉,26,女,养蜂人,asset-20260224200349-6x2x2,https://sscm-media.oss-cn-guangzhou.aliyuncs.com/image/migrated/69af3116b2fecade-asset-20260224200349-6x2x2.png
爱尔兰,32,女,设计师,asset-20260224194524-fpdxq,https://sscm-media.oss-cn-guangzhou.aliyuncs.com/image/migrated/85456df457a04638-asset-20260224194524-fpdxq.png
津巴布韦,21,男,渔民,asset-20260224203135-xd8sm,https://sscm-media.oss-cn-guangzhou.aliyuncs.com/image/migrated/57d85f494d939f7e-asset-20260224203135-xd8sm.png
中国,86,男,退休人员,asset-20260224202251-zkz2c,https://sscm-media.oss-cn-guangzhou.aliyuncs.com/image/migrated/f7873291be0832c1-asset-20260224202251-zkz2c.png
津巴布韦,33,女,幼师,asset-20260224202257-29skb,https://sscm-media.oss-cn-guangzhou.aliyuncs.com/image/migrated/bbd4b30ded7440ad-asset-20260224202257-29skb.png
加拿大,35,男,渔民,asset-20260224195913-p76rn,https://sscm-media.oss-cn-guangzhou.aliyuncs.com/image/migrated/a316a8b7179796e3-asset-20260224195913-p76rn.png
日本,22,男,电竞选手,asset-20260224201700-ghxzh,https://sscm-media.oss-cn-guangzhou.aliyuncs.com/image/migrated/1e52dafa7a3a133d-asset-20260224201700-ghxzh.png
巴西,54,男,律师,asset-20260224202159-64qp4,https://sscm-media.oss-cn-guangzhou.aliyuncs.com/image/migrated/4bd71c12ba089d30-asset-20260224202159-64qp4.png
厄立特里亚,20,女,设计师,asset-20260224202411-vpsfg,https://sscm-media.oss-cn-guangzhou.aliyuncs.com/image/migrated/b00b8e22f6411a1f-asset-20260224202411-vpsfg.png
日本,20,男,设计师,asset-20260224201611-285xz,https://sscm-media.oss-cn-guangzhou.aliyuncs.com/image/migrated/63ee74bf46e359c8-asset-20260224201611-285xz.png
中国,22,女,电竞选手,asset-20260320074131-tdvnd,https://sscm-media.oss-cn-guangzhou.aliyuncs.com/image/migrated/2ae71dc4cf7cf560-asset-20260320074131-tdvnd.png
捷克,30,男,投资银行家/基金经理,asset-20260224195554-6rbcs,https://sscm-media.oss-cn-guangzhou.aliyuncs.com/image/migrated/47a5140c18d24aeb-asset-20260224195554-6rbcs.png
中国,23,男,律师,asset-20260224201658-h9z5q,https://sscm-media.oss-cn-guangzhou.aliyuncs.com/image/migrated/5ccd4862cc222e11-asset-20260224201658-h9z5q.png
德国,32,男,外卖员,asset-20260224195518-q9wkc,https://sscm-media.oss-cn-guangzhou.aliyuncs.com/image/migrated/d51e735dbfcb3781-asset-20260224195518-q9wkc.png
中国,22,男,搬运工,asset-20260320074809-bg5r9,https://sscm-media.oss-cn-guangzhou.aliyuncs.com/image/migrated/00fb8c8051b7e423-asset-20260320074809-bg5r9.png
南非,31,男,大学教授,asset-20260224203112-bfkvq,https://sscm-media.oss-cn-guangzhou.aliyuncs.com/image/migrated/63862cf5188a3ac6-asset-20260224203112-bfkvq.png
爱尔兰,24,男,保安,asset-20260224195710-gtnjv,https://sscm-media.oss-cn-guangzhou.aliyuncs.com/image/migrated/10d72a71b89c7173-asset-20260224195710-gtnjv.png
瑞典,18,女,导游,asset-20260224194624-5wt6w,https://sscm-media.oss-cn-guangzhou.aliyuncs.com/image/migrated/d7adb9c988afc35f-asset-20260224194624-5wt6w.png
古巴,44,女,摄影师,asset-20260224195322-fvlvr,https://sscm-media.oss-cn-guangzhou.aliyuncs.com/image/migrated/505234fdedfa7ef9-asset-20260224195322-fvlvr.png
尼泊尔,26,女,拉面师傅,asset-20260224200509-zz7rz,https://sscm-media.oss-cn-guangzhou.aliyuncs.com/image/migrated/f5c9375a2dc5713f-asset-20260224200509-zz7rz.png
肯尼亚,33,女,农民,asset-20260224202526-7m92q,https://sscm-media.oss-cn-guangzhou.aliyuncs.com/image/migrated/0f288baa2015364e-asset-20260224202526-7m92q.png
日本,33,女,护士,asset-20260224200614-mtx77,https://sscm-media.oss-cn-guangzhou.aliyuncs.com/image/migrated/f460077eb51b5f65-asset-20260224200614-mtx77.png
瑞典,30,男,宠物美容师,asset-20260224200020-7mrph,https://sscm-media.oss-cn-guangzhou.aliyuncs.com/image/migrated/4587b8b2d7ec7a03-asset-20260224200020-7mrph.png
土库曼斯坦,23,女,记者/媒体人,asset-20260224200735-lvpmp,https://sscm-media.oss-cn-guangzhou.aliyuncs.com/image/migrated/2e9a2ddc51a6fda2-asset-20260224200735-lvpmp.png
哥伦比亚,22,女,作家,asset-20260224200355-nzzcd,https://sscm-media.oss-cn-guangzhou.aliyuncs.com/image/migrated/58fc51f2f24b15da-asset-20260224200355-nzzcd.png
日本,35,男,保安,asset-20260224201640-skg8w,https://sscm-media.oss-cn-guangzhou.aliyuncs.com/image/migrated/25079f4110d5f9bd-asset-20260224201640-skg8w.png
埃塞俄比亚,34,女,文员/行政,asset-20260224202405-nnnfp,https://sscm-media.oss-cn-guangzhou.aliyuncs.com/image/migrated/fd9e5b1836c619b9-asset-20260224202405-nnnfp.png
挪威,46,女,记者/媒体人,asset-20260224195041-lnxjc,https://sscm-media.oss-cn-guangzhou.aliyuncs.com/image/migrated/f83b550dbfa9a087-asset-20260224195041-lnxjc.png
美国,25,男,企业家/CEO,asset-20260224195837-mwpg4,https://sscm-media.oss-cn-guangzhou.aliyuncs.com/image/migrated/7d0bc7fdd307a1b9-asset-20260224195837-mwpg4.png
牙买加,29,女,歌手,asset-20260224202417-rtvmr,https://sscm-media.oss-cn-guangzhou.aliyuncs.com/image/migrated/4c25923c2177d68c-asset-20260224202417-rtvmr.png
阿根廷,32,女,高铁乘务员,asset-20260224194742-qtkwp,https://sscm-media.oss-cn-guangzhou.aliyuncs.com/image/migrated/8dca901e4768b684-asset-20260224194742-qtkwp.png
瑞典,89,男,退休人员,asset-20260224200329-f5vbs,https://sscm-media.oss-cn-guangzhou.aliyuncs.com/image/migrated/3815e70d93563eb7-asset-20260224200329-f5vbs.png
缅甸,34,女,宠物美容师,asset-20260224200753-7j9sx,https://sscm-media.oss-cn-guangzhou.aliyuncs.com/image/migrated/57375310c0b445d5-asset-20260224200753-7j9sx.png
哥伦比亚,30,女,收纳整理师,asset-20260224202403-hnt5x,https://sscm-media.oss-cn-guangzhou.aliyuncs.com/image/migrated/031aac16440c9f2c-asset-20260224202403-hnt5x.png
菲律宾,30,女,咖啡师,asset-20260224200530-kznn7,https://sscm-media.oss-cn-guangzhou.aliyuncs.com/image/migrated/886643f2a8bb7964-asset-20260224200530-kznn7.png
土耳其,33,女,瑜伽/普拉提教练,asset-20260224195009-4qv7v,https://sscm-media.oss-cn-guangzhou.aliyuncs.com/image/migrated/cf13356eec876ac1-asset-20260224195009-4qv7v.png
中国,25,女,银行柜员,asset-20260224200520-8k55j,https://sscm-media.oss-cn-guangzhou.aliyuncs.com/image/migrated/07f8aacaa742595d-asset-20260224200520-8k55j.png
沙特阿拉伯,45,女,设计师,asset-20260224195213-52kxc,https://sscm-media.oss-cn-guangzhou.aliyuncs.com/image/migrated/4b7dac2ab6137450-asset-20260224195213-52kxc.png
吉尔吉斯斯坦,24,男,烧烤师傅,asset-20260224201557-5knmv,https://sscm-media.oss-cn-guangzhou.aliyuncs.com/image/migrated/a6b0149860435abd-asset-20260224201557-5knmv.png
匈牙利,33,男,企业高管,asset-20260224195807-86bc6,https://sscm-media.oss-cn-guangzhou.aliyuncs.com/image/migrated/4e6a5e2aeb2e1ce5-asset-20260224195807-86bc6.png
马里,69,女,设计师,asset-20260224203005-lfjr9,https://sscm-media.oss-cn-guangzhou.aliyuncs.com/image/migrated/3c5787b07a7f30b4-asset-20260224203005-lfjr9.png
丹麦,22,男,理发师,asset-20260224195646-gkszz,https://sscm-media.oss-cn-guangzhou.aliyuncs.com/image/migrated/5093ab2da92dd7da-asset-20260224195646-gkszz.png
哈萨克斯坦,35,男,司机/货车司机,asset-20260224201651-gxxhh,https://sscm-media.oss-cn-guangzhou.aliyuncs.com/image/migrated/bb47b72c93ced8e8-asset-20260224201651-gxxhh.png
韩国,22,男,保安,asset-20260224201530-zr9fb,https://sscm-media.oss-cn-guangzhou.aliyuncs.com/image/migrated/b8c696df74018428-asset-20260224201530-zr9fb.png
中国,30,女,药剂师,asset-20260224200413-tf5xf,https://sscm-media.oss-cn-guangzhou.aliyuncs.com/image/migrated/e61487d3545fa8f1-asset-20260224200413-tf5xf.png
印度,86,男,退休人员,asset-20260224200334-58v4g,https://sscm-media.oss-cn-guangzhou.aliyuncs.com/image/migrated/8a9731c9cdd18e45-asset-20260224200334-58v4g.png
泰国,22,女,模特,asset-20260224200752-z5g8s,https://sscm-media.oss-cn-guangzhou.aliyuncs.com/image/migrated/ade3ec391b7bd312-asset-20260224200752-z5g8s.png
土库曼斯坦,32,男,工程师,asset-20260224201634-pr4ms,https://sscm-media.oss-cn-guangzhou.aliyuncs.com/image/migrated/8636edcd67cd0aa3-asset-20260224201634-pr4ms.png
法国,21,女,幼师,asset-20260224202526-c6nms,https://sscm-media.oss-cn-guangzhou.aliyuncs.com/image/migrated/da87deee24042dba-asset-20260224202526-c6nms.png
丹麦,26,女,农民,asset-20260224194508-p5z2x,https://sscm-media.oss-cn-guangzhou.aliyuncs.com/image/migrated/aaea38b579c04f21-asset-20260224194508-p5z2x.png
法国,34,女,模特,asset-20260224202300-m8dgb,https://sscm-media.oss-cn-guangzhou.aliyuncs.com/image/migrated/b646195447b4872b-asset-20260224202300-m8dgb.png
莫桑比克,23,女,高铁乘务员,asset-20260224202411-m4jqq,https://sscm-media.oss-cn-guangzhou.aliyuncs.com/image/migrated/d36e05231d4f3b1b-asset-20260224202411-m4jqq.png
乌克兰,32,男,店员/收银员,asset-20260224195557-gd7s5,https://sscm-media.oss-cn-guangzhou.aliyuncs.com/image/migrated/592daca801567c2c-asset-20260224195557-gd7s5.png
中国,23,女,瑜伽/普拉提教练,asset-20260224200454-c9hqg,https://sscm-media.oss-cn-guangzhou.aliyuncs.com/image/migrated/f10cc3c12246f1bc-asset-20260224200454-c9hqg.png
中国,29,女,咖啡师,asset-20260224200731-4wb9c,https://sscm-media.oss-cn-guangzhou.aliyuncs.com/image/migrated/d261c620e4e3571d-asset-20260224200731-4wb9c.png
喀麦隆,31,女,教师,asset-20260224202527-gqbhq,https://sscm-media.oss-cn-guangzhou.aliyuncs.com/image/migrated/fa9b23d280b5639e-asset-20260224202527-gqbhq.png
法国,23,男,房产中介,asset-20260224195624-bg7p7,https://sscm-media.oss-cn-guangzhou.aliyuncs.com/image/migrated/f50636990c56c1a1-asset-20260224195624-bg7p7.png
印度尼西亚,18,女,婚礼策划师,asset-20260224200501-kqmpc,https://sscm-media.oss-cn-guangzhou.aliyuncs.com/image/migrated/2ca0a0d77732d043-asset-20260224200501-kqmpc.png
马来西亚,44,女,科学家/研究员,asset-20260224201315-kwh2t,https://sscm-media.oss-cn-guangzhou.aliyuncs.com/image/migrated/072c8d5c8ceaaf1d-asset-20260224201315-kwh2t.png
菲律宾,22,男,外科医生,asset-20260224201531-9dxk8,https://sscm-media.oss-cn-guangzhou.aliyuncs.com/image/migrated/b90c126cd436fee4-asset-20260224201531-9dxk8.png
海地,33,男,理发师,asset-20260224203055-z2csz,https://sscm-media.oss-cn-guangzhou.aliyuncs.com/image/migrated/ab18615212d13b4a-asset-20260224203055-z2csz.png
厄瓜多尔,26,女,多肉/花卉种植员,asset-20260224194433-bmpbj,https://sscm-media.oss-cn-guangzhou.aliyuncs.com/image/migrated/61bdef215cbb1437-asset-20260224194433-bmpbj.png
伊朗,22,女,店员/收银员,asset-20260224194447-mk8tg,https://sscm-media.oss-cn-guangzhou.aliyuncs.com/image/migrated/65ce175fb1745ee5-asset-20260224194447-mk8tg.png
加拿大,22,男,电竞选手,asset-20260224195713-hdj5r,https://sscm-media.oss-cn-guangzhou.aliyuncs.com/image/migrated/bf22ebef6ee0d618-asset-20260224195713-hdj5r.png
韩国,53,女,客服,asset-20260224201232-drl4g,https://sscm-media.oss-cn-guangzhou.aliyuncs.com/image/migrated/e2d888ac96ed575f-asset-20260224201232-drl4g.png
韩国,22,男,科学家/研究员,asset-20260224201529-jxl7c,https://sscm-media.oss-cn-guangzhou.aliyuncs.com/image/migrated/509085d02d301874-asset-20260224201529-jxl7c.png
刚果（布）,27,女,美甲师,asset-20260224202410-57fvx,https://sscm-media.oss-cn-guangzhou.aliyuncs.com/image/migrated/6fd748ab4f9a43e6-asset-20260224202410-57fvx.png
中国,32,女,工厂工人,asset-20260224200355-s589l,https://sscm-media.oss-cn-guangzhou.aliyuncs.com/image/migrated/28249e137b2dbeee-asset-20260224200355-s589l.png
法国,28,女,保洁员,asset-20260224194714-7vlfl,https://sscm-media.oss-cn-guangzhou.aliyuncs.com/image/migrated/36cf816d804dc444-asset-20260224194714-7vlfl.png
贝宁,24,男,摄影师,asset-20260224203054-9k9nx,https://sscm-media.oss-cn-guangzhou.aliyuncs.com/image/migrated/585ea602f7c77355-asset-20260224203054-9k9nx.png
德国,78,男,退休人员,asset-20260224200329-8v4n2,https://sscm-media.oss-cn-guangzhou.aliyuncs.com/image/migrated/1cdb692ee06b72a0-asset-20260224200329-8v4n2.png
中国,32,男,外科医生,asset-20260224201615-2lfvx,https://sscm-media.oss-cn-guangzhou.aliyuncs.com/image/migrated/c502484b30361673-asset-20260224201615-2lfvx.png
巴西,24,女,收纳整理师,asset-20260224202408-4lv7n,https://sscm-media.oss-cn-guangzhou.aliyuncs.com/image/migrated/81071d234dda7338-asset-20260224202408-4lv7n.png
格鲁吉亚,53,男,牙医,asset-20260224200111-w82x7,https://sscm-media.oss-cn-guangzhou.aliyuncs.com/image/migrated/d0ba356b7ac1af56-asset-20260224200111-w82x7.png
印度,33,男,程序员,asset-20260224195737-jnprn,https://sscm-media.oss-cn-guangzhou.aliyuncs.com/image/migrated/17c93aed9eec04e6-asset-20260224195737-jnprn.png
巴布亚新几内亚,21,男,农民,asset-20260224203119-ng6gk,https://sscm-media.oss-cn-guangzhou.aliyuncs.com/image/migrated/23957dab59b02a8f-asset-20260224203119-ng6gk.png
中国,42,女性,企业高管,asset-20260224225734-gv64g,https://sscm-media.oss-cn-guangzhou.aliyuncs.com/image/migrated/b0eb868c96d6d6db-asset-20260224225734-gv64g.png
贝宁,33,女,心理咨询师,asset-20260224202607-52qz7,https://sscm-media.oss-cn-guangzhou.aliyuncs.com/image/migrated/3e96aa4aabe27e02-asset-20260224202607-52qz7.png
沙特阿拉伯,23,男,记者/媒体人,asset-20260224195717-5ddfd,https://sscm-media.oss-cn-guangzhou.aliyuncs.com/image/migrated/fc3c953ebe8d6d19-asset-20260224195717-5ddfd.png
中国,21,女,护工/家政工,asset-20260224200431-jvg5n,https://sscm-media.oss-cn-guangzhou.aliyuncs.com/image/migrated/2d4a640536a3d124-asset-20260224200431-jvg5n.png
菲律宾,29,男,企业家/CEO,asset-20260224201941-zqdzn,https://sscm-media.oss-cn-guangzhou.aliyuncs.com/image/migrated/86a5695788b6b6f1-asset-20260224201941-zqdzn.png
日本,58,女,企业高管,asset-20260224201416-bfkjz,https://sscm-media.oss-cn-guangzhou.aliyuncs.com/image/migrated/f4c1d8d466c2b5b9-asset-20260224201416-bfkjz.png
刚果（布）,63,男,企业高管,asset-20260224203455-vrqgl,https://sscm-media.oss-cn-guangzhou.aliyuncs.com/image/migrated/99223d6e29d4a910-asset-20260224203455-vrqgl.png
奥地利,42,男,教师,asset-20260224200137-9t94d,https://sscm-media.oss-cn-guangzhou.aliyuncs.com/image/migrated/bfbee8902bafeba9-asset-20260224200137-9t94d.png
马来西亚,35,男,工厂工人,asset-20260224201540-ptgdc,https://sscm-media.oss-cn-guangzhou.aliyuncs.com/image/migrated/288cd9888ba787cd-asset-20260224201540-ptgdc.png
德国,23,女,护工/家政工,asset-20260224194955-rcktz,https://sscm-media.oss-cn-guangzhou.aliyuncs.com/image/migrated/a6357790a1454fcd-asset-20260224194955-rcktz.png
泰国,36,男,外卖员,asset-20260224202208-vz4jg,https://sscm-media.oss-cn-guangzhou.aliyuncs.com/image/migrated/c72d75ac043788ff-asset-20260224202208-vz4jg.png
埃塞俄比亚,36,女,文员/行政,asset-20260224202907-7fn9s,https://sscm-media.oss-cn-guangzhou.aliyuncs.com/image/migrated/ea9ea4eaa869869d-asset-20260224202907-7fn9s.png
美国,32,女,火锅店员工,asset-20260224194810-p5fdw,https://sscm-media.oss-cn-guangzhou.aliyuncs.com/image/migrated/e39c403ca5ac0909-asset-20260224194810-p5fdw.png
爱尔兰,33,男,网红/主播,asset-20260224195712-2jkgl,https://sscm-media.oss-cn-guangzhou.aliyuncs.com/image/migrated/96e88cfc5e02b042-asset-20260224195712-2jkgl.png
中国,18,男,环卫工人,asset-20260224201721-plt8b,https://sscm-media.oss-cn-guangzhou.aliyuncs.com/image/migrated/fc1ffd35bbe7f5f3-asset-20260224201721-plt8b.png
中国,32,男,外科医生,asset-20260224201711-qkh7w,https://sscm-media.oss-cn-guangzhou.aliyuncs.com/image/migrated/8c560a3dde27b027-asset-20260224201711-qkh7w.png
日本,28,男,模特,asset-20260224202012-bkdj4,https://sscm-media.oss-cn-guangzhou.aliyuncs.com/image/migrated/6ae36b581c27078e-asset-20260224202012-bkdj4.png
韩国,21,男,渔民,asset-20260224201632-zs5bg,https://sscm-media.oss-cn-guangzhou.aliyuncs.com/image/migrated/1c49c95f2c5aab5f-asset-20260224201632-zs5bg.png
中国,20,女,收纳整理师,asset-20260224200837-tccxv,https://sscm-media.oss-cn-guangzhou.aliyuncs.com/image/migrated/c99d055a92756fe1-asset-20260224200837-tccxv.png
中国,27,女,小贩/摊贩,asset-20260224200941-b2fkb,https://sscm-media.oss-cn-guangzhou.aliyuncs.com/image/migrated/e7951dbfee4df54d-asset-20260224200941-b2fkb.png
牙买加,25,男,咖啡师,asset-20260224203233-gg2vq,https://sscm-media.oss-cn-guangzhou.aliyuncs.com/image/migrated/ab95f7443f2b7b10-asset-20260224203233-gg2vq.png
中国,100,男,退休人员,asset-20260224202242-z9zj6,https://sscm-media.oss-cn-guangzhou.aliyuncs.com/image/migrated/41fb8fe3bea6599d-asset-20260224202242-z9zj6.png
捷克,28,女,农民,asset-20260224194600-jlmxt,https://sscm-media.oss-cn-guangzhou.aliyuncs.com/image/migrated/850216b7edc1514b-asset-20260224194600-jlmxt.png
亚美尼亚,20,女,多肉/花卉种植员,asset-20260224194954-m2v4p,https://sscm-media.oss-cn-guangzhou.aliyuncs.com/image/migrated/fc8e6560068675f4-asset-20260224194954-m2v4p.png
格陵兰,36,女,外贸业务员,asset-20260224201050-7dc8g,https://sscm-media.oss-cn-guangzhou.aliyuncs.com/image/migrated/97329284d483988e-asset-20260224201050-7dc8g.png
日本,50,男,程序员,asset-20260224202105-8vrcb,https://sscm-media.oss-cn-guangzhou.aliyuncs.com/image/migrated/678e2ba11819f30f-asset-20260224202105-8vrcb.png
刚果（布）,45,女,收纳整理师,asset-20260224202720-7jmx6,https://sscm-media.oss-cn-guangzhou.aliyuncs.com/image/migrated/728f200d2e1ba285-asset-20260224202720-7jmx6.png
葡萄牙,59,女,文员/行政,asset-20260224195420-q4tdx,https://sscm-media.oss-cn-guangzhou.aliyuncs.com/image/migrated/c4ad5cfa3e1c2c87-asset-20260224195420-q4tdx.png
中国,97,男,退休人员,asset-20260224202253-9t2zt,https://sscm-media.oss-cn-guangzhou.aliyuncs.com/image/migrated/45391b225634e3e2-asset-20260224202253-9t2zt.png
危地马拉,23,女,宠物美容师,asset-20260224200358-qfspg,https://sscm-media.oss-cn-guangzhou.aliyuncs.com/image/migrated/1a6e5971f1665708-asset-20260224200358-qfspg.png
荷兰,40,女,健身教练,asset-20260224195152-r6kh8,https://sscm-media.oss-cn-guangzhou.aliyuncs.com/image/migrated/c8c8cbeed052f296-asset-20260224195152-r6kh8.png
意大利,19,男,矿工,asset-20260224195813-qzmlb,https://sscm-media.oss-cn-guangzhou.aliyuncs.com/image/migrated/256778b3dfea47f7-asset-20260224195813-qzmlb.png
孟加拉国,55,男,搬运工,asset-20260224200120-7jjrm,https://sscm-media.oss-cn-guangzhou.aliyuncs.com/image/migrated/6496d7ab0f0af13c-asset-20260224200120-7jjrm.png
阿塞拜疆,28,女,保险业务员,asset-20260224194832-jcvhp,https://sscm-media.oss-cn-guangzhou.aliyuncs.com/image/migrated/d67a9f22493ba3a1-asset-20260224194832-jcvhp.png
印度尼西亚,25,男,工厂工人,asset-20260224201712-wmpx2,https://sscm-media.oss-cn-guangzhou.aliyuncs.com/image/migrated/8605e075d42e1876-asset-20260224201712-wmpx2.png
中国,33,女,高铁乘务员,asset-20260224200811-bfct5,https://sscm-media.oss-cn-guangzhou.aliyuncs.com/image/migrated/f64c91a5f12edc12-asset-20260224200811-bfct5.png
以色列,22,男,歌手,asset-20260224195950-ht8zb,https://sscm-media.oss-cn-guangzhou.aliyuncs.com/image/migrated/dffbeadc9bd4978b-asset-20260224195950-ht8zb.png
韩国,53,女,牙医,asset-20260224201054-sc7mk,https://sscm-media.oss-cn-guangzhou.aliyuncs.com/image/migrated/ef5fec60358a7669-asset-20260224201054-sc7mk.png
泰国,69,女,画家/艺术家,asset-20260224201438-jkr8n,https://sscm-media.oss-cn-guangzhou.aliyuncs.com/image/migrated/d70f1975282b9f7c-asset-20260224201438-jkr8n.png
蒙古国,49,女,网红/主播,asset-20260224201055-gn5sv,https://sscm-media.oss-cn-guangzhou.aliyuncs.com/image/migrated/59de446e815828c6-asset-20260224201055-gn5sv.png
印度尼西亚,99,男,退休人员,asset-20260224202244-x7kt4,https://sscm-media.oss-cn-guangzhou.aliyuncs.com/image/migrated/736196cb5f363ec7-asset-20260224202244-x7kt4.png
意大利,44,男,投资银行家/基金经理,asset-20260224200205-w6cq6,https://sscm-media.oss-cn-guangzhou.aliyuncs.com/image/migrated/02f603b4b8b5bba5-asset-20260224200205-w6cq6.png
危地马拉,35,女,瑜伽/普拉提教练,asset-20260224201005-4279f,https://sscm-media.oss-cn-guangzhou.aliyuncs.com/image/migrated/ac24709db9f19ea4-asset-20260224201005-4279f.png
中国,34,男,作家,asset-20260224201917-qkrcr,https://sscm-media.oss-cn-guangzhou.aliyuncs.com/image/migrated/706e91f706bda69e-asset-20260224201917-qkrcr.png
瑞典,44,女,美甲师,asset-20260224195041-67zxx,https://sscm-media.oss-cn-guangzhou.aliyuncs.com/image/migrated/44f6978c505bdcfb-asset-20260224195041-67zxx.png
乌克兰,40,男,小贩/摊贩,asset-20260224200039-bkqt8,https://sscm-media.oss-cn-guangzhou.aliyuncs.com/image/migrated/d4e3fdadf7c66932-asset-20260224200039-bkqt8.png
墨西哥,32,女,银行柜员,asset-20260224200441-jjx9r,https://sscm-media.oss-cn-guangzhou.aliyuncs.com/image/migrated/40b8d335d6a0acaa-asset-20260224200441-jjx9r.png
哈萨克斯坦,36,男,公务员,asset-20260224200134-l8qtg,https://sscm-media.oss-cn-guangzhou.aliyuncs.com/image/migrated/5bd9fb201571418d-asset-20260224200134-l8qtg.png
阿塞拜疆,27,女,作家,asset-20260224194742-jm6cr,https://sscm-media.oss-cn-guangzhou.aliyuncs.com/image/migrated/b60adc832e6385af-asset-20260224194742-jm6cr.png
法国,37,女,DJ/音乐制作人,asset-20260224195154-94gvl,https://sscm-media.oss-cn-guangzhou.aliyuncs.com/image/migrated/bf1f1a24bcc7e273-asset-20260224195154-94gvl.png
澳大利亚,41,男,销售,asset-20260224203439-2z6jt,https://sscm-media.oss-cn-guangzhou.aliyuncs.com/image/migrated/129c61071fabd504-asset-20260224203439-2z6jt.png
墨西哥,33,男,模特,asset-20260224195927-kgn2m,https://sscm-media.oss-cn-guangzhou.aliyuncs.com/image/migrated/551c952d9d28e1c9-asset-20260224195927-kgn2m.png
秘鲁,40,男,外科医生,asset-20260224203350-z5g5j,https://sscm-media.oss-cn-guangzhou.aliyuncs.com/image/migrated/0bed4cee50aa6b3c-asset-20260224203350-z5g5j.png
德国,47,男,企业家/CEO,asset-20260224200109-r66pl,https://sscm-media.oss-cn-guangzhou.aliyuncs.com/image/migrated/198bd7f4978d2490-asset-20260224200109-r66pl.png
西班牙,30,女,护士,asset-20260224194739-hb67r,https://sscm-media.oss-cn-guangzhou.aliyuncs.com/image/migrated/2a1a17a38f32efc9-asset-20260224194739-hb67r.png
日本,55,男,企业高管,asset-20260224202204-mbl84,https://sscm-media.oss-cn-guangzhou.aliyuncs.com/image/migrated/50e7d15108d5124a-asset-20260224202204-mbl84.png
亚美尼亚,19,男,快递员,asset-20260224195945-8gwxx,https://sscm-media.oss-cn-guangzhou.aliyuncs.com/image/migrated/313b7119063a1ec9-asset-20260224195945-8gwxx.png
印度尼西亚,74,男,烧烤师傅,asset-20260224202216-x4nst,https://sscm-media.oss-cn-guangzhou.aliyuncs.com/image/migrated/edddf645936f292b-asset-20260224202216-x4nst.png
美国,25,男,歌手,asset-20260224203212-bsfvk,https://sscm-media.oss-cn-guangzhou.aliyuncs.com/image/migrated/c185224315ec1fd2-asset-20260224203212-bsfvk.png
沙特阿拉伯,54,男,摄影师,asset-20260224200044-776kg,https://sscm-media.oss-cn-guangzhou.aliyuncs.com/image/migrated/78c41d2f112cb651-asset-20260224200044-776kg.png
秘鲁,30,女,保险业务员,asset-20260224194639-cjk7t,https://sscm-media.oss-cn-guangzhou.aliyuncs.com/image/migrated/1b3fbda6b2c4a043-asset-20260224194639-cjk7t.png
中国,21,男,作家,asset-20260224201648-wc7pz,https://sscm-media.oss-cn-guangzhou.aliyuncs.com/image/migrated/5a38d7c02722b5d1-asset-20260224201648-wc7pz.png
中国,23,男,快递员,asset-20260224201726-hpsnf,https://sscm-media.oss-cn-guangzhou.aliyuncs.com/image/migrated/05e7a4f67b211349-asset-20260224201726-hpsnf.png
墨西哥,35,女,西餐厨师/糕点师,asset-20260224200452-tgldq,https://sscm-media.oss-cn-guangzhou.aliyuncs.com/image/migrated/2fb4c3d4cbc6ca09-asset-20260224200452-tgldq.png
委内瑞拉,23,男,公务员,asset-20260224195912-hxj9r,https://sscm-media.oss-cn-guangzhou.aliyuncs.com/image/migrated/6b6dccf1ad1c2ac2-asset-20260224195912-hxj9r.png
印度尼西亚,31,女,心理咨询师,asset-20260224200501-sgfqq,https://sscm-media.oss-cn-guangzhou.aliyuncs.com/image/migrated/a9d78eb58a1800b6-asset-20260224200501-sgfqq.png
沙特阿拉伯,35,男,理发师,asset-20260224200008-pf775,https://sscm-media.oss-cn-guangzhou.aliyuncs.com/image/migrated/9f2a967c46f4fb99-asset-20260224200008-pf775.png
中国,47,女,作家,asset-20260224201254-fsr2x,https://sscm-media.oss-cn-guangzhou.aliyuncs.com/image/migrated/ae9d5e8b4a07703a-asset-20260224201254-fsr2x.png
乌拉圭,52,男,投资银行家/基金经理,asset-20260224200124-47jfv,https://sscm-media.oss-cn-guangzhou.aliyuncs.com/image/migrated/e5825b593d51cb95-asset-20260224200124-47jfv.png
肯尼亚,37,男,渔民,asset-20260224203350-zn84t,https://sscm-media.oss-cn-guangzhou.aliyuncs.com/image/migrated/4fa949f7168d9b36-asset-20260224203350-zn84t.png
印度尼西亚,30,男,多肉/花卉种植员,asset-20260224201808-82kqn,https://sscm-media.oss-cn-guangzhou.aliyuncs.com/image/migrated/63f05bdc432b82e8-asset-20260224201808-82kqn.png
日本,29,女,健身教练,asset-20260224200855-dkd2q,https://sscm-media.oss-cn-guangzhou.aliyuncs.com/image/migrated/630c2e4193b0b3bb-asset-20260224200855-dkd2q.png
尼日利亚,23,女,销售,asset-20260224202354-fzz9f,https://sscm-media.oss-cn-guangzhou.aliyuncs.com/image/migrated/77decafbdefdc8d3-asset-20260224202354-fzz9f.png
德国,31,男,销售,asset-20260224195759-7nl5z,https://sscm-media.oss-cn-guangzhou.aliyuncs.com/image/migrated/5bfd88ecb7086136-asset-20260224195759-7nl5z.png
日本,47,女,牙医,asset-20260224201330-vtkqt,https://sscm-media.oss-cn-guangzhou.aliyuncs.com/image/migrated/ea03af2c53842818-asset-20260224201330-vtkqt.png
尼泊尔,99,女,退休人员,asset-20260224201454-ptrln,https://sscm-media.oss-cn-guangzhou.aliyuncs.com/image/migrated/c8d0b43216f2b107-asset-20260224201454-ptrln.png
斐济,29,女,服务员,asset-20260224202524-4sswx,https://sscm-media.oss-cn-guangzhou.aliyuncs.com/image/migrated/e36cd450cb95b1f9-asset-20260224202524-4sswx.png
澳大利亚,19,女,瑜伽/普拉提教练,asset-20260224202655-ggpkn,https://sscm-media.oss-cn-guangzhou.aliyuncs.com/image/migrated/d153fa9a164ef7e6-asset-20260224202655-ggpkn.png
巴布亚新几内亚,20,男,歌手,asset-20260224203241-2zg7q,https://sscm-media.oss-cn-guangzhou.aliyuncs.com/image/migrated/da1f7c27bc172de3-asset-20260224203241-2zg7q.png
印度尼西亚,29,男,水产养殖员,asset-20260224201655-h8xdj,https://sscm-media.oss-cn-guangzhou.aliyuncs.com/image/migrated/510a64d3c52b2d42-asset-20260224201655-h8xdj.png
韩国,30,女,投资银行家/基金经理,asset-20260224200434-lxhcl,https://sscm-media.oss-cn-guangzhou.aliyuncs.com/image/migrated/d605d6332ca1c2b8-asset-20260224200434-lxhcl.png
日本,54,女,销售,asset-20260224201107-dnt6q,https://sscm-media.oss-cn-guangzhou.aliyuncs.com/image/migrated/859b2d2bd89a2087-asset-20260224201107-dnt6q.png
秘鲁,23,男,工程师,asset-20260224195858-ckw9g,https://sscm-media.oss-cn-guangzhou.aliyuncs.com/image/migrated/38f5075eed014e48-asset-20260224195858-ckw9g.png
中国,38,女,会计,asset-20260224201118-rfwxq,https://sscm-media.oss-cn-guangzhou.aliyuncs.com/image/migrated/ace308f4e2aa7900-asset-20260224201118-rfwxq.png
玻利维亚,46,女,环卫工人,asset-20260224195209-f7r4r,https://sscm-media.oss-cn-guangzhou.aliyuncs.com/image/migrated/52f978edb808b94e-asset-20260224195209-f7r4r.png
尼泊尔,40,女,养蜂人,asset-20260224201351-d8tv8,https://sscm-media.oss-cn-guangzhou.aliyuncs.com/image/migrated/f1c6da68411cadbd-asset-20260224201351-d8tv8.png
厄立特里亚,50,女,文员/行政,asset-20260224202726-6zj7k,https://sscm-media.oss-cn-guangzhou.aliyuncs.com/image/migrated/469f17dae36b7bb4-asset-20260224202726-6zj7k.png
荷兰,25,男,大学生,asset-20260224195808-56h4c,https://sscm-media.oss-cn-guangzhou.aliyuncs.com/image/migrated/649f9f13eb66336e-asset-20260224195808-56h4c.png
阿根廷,23,女,歌手,asset-20260224194959-2n7jl,https://sscm-media.oss-cn-guangzhou.aliyuncs.com/image/migrated/39eca94ba17106bb-asset-20260224194959-2n7jl.png
委内瑞拉,31,女,地铁工作人员,asset-20260224194409-dmr79,https://sscm-media.oss-cn-guangzhou.aliyuncs.com/image/migrated/98197db2dc270ac1-asset-20260224194409-dmr79.png
中国,38,女,教师,asset-20260224201156-dz6ml,https://sscm-media.oss-cn-guangzhou.aliyuncs.com/image/migrated/dd8ed806e224d386-asset-20260224201156-dz6ml.png
泰国,59,女,会计,asset-20260224201407-vkb7j,https://sscm-media.oss-cn-guangzhou.aliyuncs.com/image/migrated/da8bfa2a414f3f86-asset-20260224201407-vkb7j.png
巴西,48,女,护工/家政工,asset-20260224202908-nx6bz,https://sscm-media.oss-cn-guangzhou.aliyuncs.com/image/migrated/fda4aaaf29a972a4-asset-20260224202908-nx6bz.png
乌克兰,47,女,护工/家政工,asset-20260224195335-6fsvm,https://sscm-media.oss-cn-guangzhou.aliyuncs.com/image/migrated/48160a23d3f237a3-asset-20260224195335-6fsvm.png
南非,35,男,科学家/研究员,asset-20260224203326-dnccp,https://sscm-media.oss-cn-guangzhou.aliyuncs.com/image/migrated/3358fed8c064103c-asset-20260224203326-dnccp.png
中国,38,男,建筑师,asset-20260224202158-29dzl,https://sscm-media.oss-cn-guangzhou.aliyuncs.com/image/migrated/4eeab40e6f861dbc-asset-20260224202158-29dzl.png
中国,23,男,小贩/摊贩,asset-20260224202024-vhggm,https://sscm-media.oss-cn-guangzhou.aliyuncs.com/image/migrated/12d2efd5a05796e3-asset-20260224202024-vhggm.png
乌克兰,61,女,作家,asset-20260224195415-rpkh9,https://sscm-media.oss-cn-guangzhou.aliyuncs.com/image/migrated/6de7e8a59c8a7c9a-asset-20260224195415-rpkh9.png
牙买加,27,女,企业家/CEO,asset-20260224202650-7zlxz,https://sscm-media.oss-cn-guangzhou.aliyuncs.com/image/migrated/b1f2e6c1e495dc99-asset-20260224202650-7zlxz.png
埃塞俄比亚,51,男,DJ/音乐制作人,asset-20260224203415-zsf4t,https://sscm-media.oss-cn-guangzhou.aliyuncs.com/image/migrated/46da73c249062278-asset-20260224203415-zsf4t.png
意大利,54,男,银行柜员,asset-20260224200212-zx9ms,https://sscm-media.oss-cn-guangzhou.aliyuncs.com/image/migrated/eedd8e22dd8af014-asset-20260224200212-zx9ms.png
牙买加,47,女,导游,asset-20260224202719-z646z,https://sscm-media.oss-cn-guangzhou.aliyuncs.com/image/migrated/2730c1a74acfa9c8-asset-20260224202719-z646z.png
印度尼西亚,47,女,网红/主播,asset-20260224201135-ts5n6,https://sscm-media.oss-cn-guangzhou.aliyuncs.com/image/migrated/822078edbafc5ac2-asset-20260224201135-ts5n6.png
中国,48,女,瑜伽/普拉提教练,asset-20260224201307-z2xk5,https://sscm-media.oss-cn-guangzhou.aliyuncs.com/image/migrated/746dbf39aaf688d9-asset-20260224201307-z2xk5.png
俄罗斯,35,女,模特,asset-20260224194706-sght6,https://sscm-media.oss-cn-guangzhou.aliyuncs.com/image/migrated/32a30bc1b84a85c9-asset-20260224194706-sght6.png
奥地利,27,男,环卫工人,asset-20260224195800-nl4x5,https://sscm-media.oss-cn-guangzhou.aliyuncs.com/image/migrated/4974076aecb70f6c-asset-20260224195800-nl4x5.png
巴基斯坦,18,女,作家,asset-20260224195015-k6qh2,https://sscm-media.oss-cn-guangzhou.aliyuncs.com/image/migrated/8ecf7f865aaaa924-asset-20260224195015-k6qh2.png
中国,51,女,外贸业务员,asset-20260224201353-7k9h7,https://sscm-media.oss-cn-guangzhou.aliyuncs.com/image/migrated/30712b47dd080d8d-asset-20260224201353-7k9h7.png
中国,94,女,退休人员,asset-20260224201514-nfnn7,https://sscm-media.oss-cn-guangzhou.aliyuncs.com/image/migrated/eb649eb3831f07d6-asset-20260224201514-nfnn7.png
埃塞俄比亚,19,女,服务员,asset-20260224202634-fdnxj,https://sscm-media.oss-cn-guangzhou.aliyuncs.com/image/migrated/32f64a19e1b2a956-asset-20260224202634-fdnxj.png
危地马拉,22,男,小贩/摊贩,asset-20260224200022-6zvgh,https://sscm-media.oss-cn-guangzhou.aliyuncs.com/image/migrated/4e178d4a3c17472d-asset-20260224200022-6zvgh.png
日本,23,女,律师,asset-20260224200824-mqlzx,https://sscm-media.oss-cn-guangzhou.aliyuncs.com/image/migrated/e3984a8f7daaa711-asset-20260224200824-mqlzx.png
波兰,29,男,歌手,asset-20260224195525-8pmhd,https://sscm-media.oss-cn-guangzhou.aliyuncs.com/image/migrated/80b5dcff00d5d813-asset-20260224195525-8pmhd.png
日本,34,女,烧烤师傅,asset-20260224200720-xfsgr,https://sscm-media.oss-cn-guangzhou.aliyuncs.com/image/migrated/02212c6e2df428ac-asset-20260224200720-xfsgr.png
中国,53,男,快递员,asset-20260224202158-2tnjg,https://sscm-media.oss-cn-guangzhou.aliyuncs.com/image/migrated/bda7a598eb0baf3e-asset-20260224202158-2tnjg.png
亚美尼亚,20,女,幼师,asset-20260224194911-kkxk7,https://sscm-media.oss-cn-guangzhou.aliyuncs.com/image/migrated/56e78e5057b37c9f-asset-20260224194911-kkxk7.png
中国,46,男,养蜂人,asset-20260224202048-2pbhn,https://sscm-media.oss-cn-guangzhou.aliyuncs.com/image/migrated/16478a806462e3dc-asset-20260224202048-2pbhn.png
德国,30,女,空姐/空少,asset-20260224194757-bc2p2,https://sscm-media.oss-cn-guangzhou.aliyuncs.com/image/migrated/d953f19a865d7994-asset-20260224194757-bc2p2.png
俄罗斯,30,女,健身教练,asset-20260224195008-ss5v2,https://sscm-media.oss-cn-guangzhou.aliyuncs.com/image/migrated/56265f6ed010001e-asset-20260224195008-ss5v2.png
埃塞俄比亚,26,女,瑜伽/普拉提教练,asset-20260224202515-95kxh,https://sscm-media.oss-cn-guangzhou.aliyuncs.com/image/migrated/83a8e95d9f9a991f-asset-20260224202515-95kxh.png
中国,27,女,环卫工人,asset-20260224200901-5f8s6,https://sscm-media.oss-cn-guangzhou.aliyuncs.com/image/migrated/480785668a0b01b3-asset-20260224200901-5f8s6.png
西班牙,26,男,挖掘机司机/塔吊司机,asset-20260224195825-zl9cd,https://sscm-media.oss-cn-guangzhou.aliyuncs.com/image/migrated/4fc772527aac52eb-asset-20260224195825-zl9cd.png
意大利,38,女,婚礼策划师,asset-20260224195102-466qn,https://sscm-media.oss-cn-guangzhou.aliyuncs.com/image/migrated/d127a9ec71142917-asset-20260224195102-466qn.png
中国,31,女,外贸业务员,asset-20260224200846-qxmkf,https://sscm-media.oss-cn-guangzhou.aliyuncs.com/image/migrated/0e767d6c6f4e8c2c-asset-20260224200846-qxmkf.png
津巴布韦,24,女,服务员,asset-20260224202453-lvpwn,https://sscm-media.oss-cn-guangzhou.aliyuncs.com/image/migrated/2b8aaa10721f2ae4-asset-20260224202453-lvpwn.png
中国,76,女,退休人员,asset-20260224201510-w8xgw,https://sscm-media.oss-cn-guangzhou.aliyuncs.com/image/migrated/bc50d52136553c83-asset-20260224201510-w8xgw.png
韩国,29,男,工厂工人,asset-20260224201709-kmsqq,https://sscm-media.oss-cn-guangzhou.aliyuncs.com/image/migrated/c37bb809eadee122-asset-20260224201709-kmsqq.png
中国,30,女,火锅店员工,asset-20260224200400-l6h56,https://sscm-media.oss-cn-guangzhou.aliyuncs.com/image/migrated/12208015485072e1-asset-20260224200400-l6h56.png
蒙古国,35,男,养蜂人,asset-20260224201601-9hvtn,https://sscm-media.oss-cn-guangzhou.aliyuncs.com/image/migrated/3611a3e0d48155a8-asset-20260224201601-9hvtn.png
秘鲁,54,女,文员/行政,asset-20260224195221-njxwr,https://sscm-media.oss-cn-guangzhou.aliyuncs.com/image/migrated/24be6ab3dc0ec295-asset-20260224195221-njxwr.png
中国,46,女,地铁工作人员,asset-20260224201215-24rbn,https://sscm-media.oss-cn-guangzhou.aliyuncs.com/image/migrated/5a47260e1131c175-asset-20260224201215-24rbn.png
马里,19,女,美甲师,asset-20260224202633-vs94s,https://sscm-media.oss-cn-guangzhou.aliyuncs.com/image/migrated/2d33ba61d1977ef1-asset-20260224202633-vs94s.png
阿根廷,63,男,会计,asset-20260224202228-6h2cs,https://sscm-media.oss-cn-guangzhou.aliyuncs.com/image/migrated/ef19268729b7c2c4-asset-20260224202228-6h2cs.png
加拿大,18,男,多肉/花卉种植员,asset-20260224201708-mmhsp,https://sscm-media.oss-cn-guangzhou.aliyuncs.com/image/migrated/c307606edc093bdf-asset-20260224201708-mmhsp.png
厄立特里亚,49,男,外卖员,asset-20260224203345-fwj8j,https://sscm-media.oss-cn-guangzhou.aliyuncs.com/image/migrated/d77f9804025b80d1-asset-20260224203345-fwj8j.png
荷兰,49,女,茶艺师,asset-20260224201138-lh9x8,https://sscm-media.oss-cn-guangzhou.aliyuncs.com/image/migrated/a908765ba7442dbf-asset-20260224201138-lh9x8.png
中国,46,男,律师,asset-20260224202133-76fvw,https://sscm-media.oss-cn-guangzhou.aliyuncs.com/image/migrated/f299093ce6539a34-asset-20260224202133-76fvw.png
丹麦,32,女,外贸业务员,asset-20260224194631-kz77d,https://sscm-media.oss-cn-guangzhou.aliyuncs.com/image/migrated/c6576385605d86a7-asset-20260224194631-kz77d.png
印度,92,女,退休人员,asset-20260224195435-2lq2g,https://sscm-media.oss-cn-guangzhou.aliyuncs.com/image/migrated/f256f3597bd3cd3d-asset-20260224195435-2lq2g.png
法国,35,女,护士,asset-20260224194804-zqkw5,https://sscm-media.oss-cn-guangzhou.aliyuncs.com/image/migrated/5a7cbd4e5260570a-asset-20260224194804-zqkw5.png
秘鲁,18,男,拉面师傅,asset-20260224200018-dr88v,https://sscm-media.oss-cn-guangzhou.aliyuncs.com/image/migrated/e95ece588ef91926-asset-20260224200018-dr88v.png
法国,20,男,企业家/CEO,asset-20260224195933-26bhf,https://sscm-media.oss-cn-guangzhou.aliyuncs.com/image/migrated/7102dff9e8149bc5-asset-20260224195933-26bhf.png
瑞典,67,男,企业高管,asset-20260224200302-86tqz,https://sscm-media.oss-cn-guangzhou.aliyuncs.com/image/migrated/fbdd9f89a1240516-asset-20260224200302-86tqz.png
秘鲁,54,男,心理咨询师,asset-20260224200112-5gnbj,https://sscm-media.oss-cn-guangzhou.aliyuncs.com/image/migrated/99f7a16508cccd6c-asset-20260224200112-5gnbj.png
德国,20,男,歌手,asset-20260224195948-2b6p9,https://sscm-media.oss-cn-guangzhou.aliyuncs.com/image/migrated/b69607a633538d48-asset-20260224195948-2b6p9.png
美国,42,男,外贸业务员,asset-20260224202126-dtcp4,https://sscm-media.oss-cn-guangzhou.aliyuncs.com/image/migrated/f0dac6d2eaa5c3d4-asset-20260224202126-dtcp4.png
英国,40,女,文员/行政,asset-20260224195324-tjvkp,https://sscm-media.oss-cn-guangzhou.aliyuncs.com/image/migrated/ec2b8e612f707853-asset-20260224195324-tjvkp.png
美国,31,女,幼师,asset-20260224202650-96ctq,https://sscm-media.oss-cn-guangzhou.aliyuncs.com/image/migrated/5a8540d813459434-asset-20260224202650-96ctq.png
埃塞俄比亚,23,女,外贸业务员,asset-20260224202340-hxldp,https://sscm-media.oss-cn-guangzhou.aliyuncs.com/image/migrated/d688ac26ef107e13-asset-20260224202340-hxldp.png
美国,23,女,宠物美容师,asset-20260224194456-9hxc7,https://sscm-media.oss-cn-guangzhou.aliyuncs.com/image/migrated/d82ecbc3994c914d-asset-20260224194456-9hxc7.png
阿联酋,64,女,服务员,asset-20260224195424-qg6mx,https://sscm-media.oss-cn-guangzhou.aliyuncs.com/image/migrated/158da5c4ecd15328-asset-20260224195424-qg6mx.png
中国,18,女,保险业务员,asset-20260224200717-n587h,https://sscm-media.oss-cn-guangzhou.aliyuncs.com/image/migrated/46a33c841ae3386f-asset-20260224200717-n587h.png
尼泊尔,25,男,建筑师,asset-20260224201742-vpdhg,https://sscm-media.oss-cn-guangzhou.aliyuncs.com/image/migrated/0c1cf5b9348bf9ec-asset-20260224201742-vpdhg.png
越南,30,女,地铁工作人员,asset-20260224200821-vckd7,https://sscm-media.oss-cn-guangzhou.aliyuncs.com/image/migrated/bab696ae1b9bd978-asset-20260224200821-vckd7.png
中国,28,女,农业专家,asset-20260224200934-4nrqt,https://sscm-media.oss-cn-guangzhou.aliyuncs.com/image/migrated/6ba9323d8d437cce-asset-20260224200934-4nrqt.png
南非,23,女,电竞选手,asset-20260224202508-rrn4h,https://sscm-media.oss-cn-guangzhou.aliyuncs.com/image/migrated/c81942586b8a5edc-asset-20260224202508-rrn4h.png
哥伦比亚,25,男,木匠,asset-20260224195959-zm8zh,https://sscm-media.oss-cn-guangzhou.aliyuncs.com/image/migrated/f7d8b9b0c0bda3d8-asset-20260224195959-zm8zh.png
中国,40,男,文员/行政,asset-20260224202043-t8qxl,https://sscm-media.oss-cn-guangzhou.aliyuncs.com/image/migrated/54a69f2e23624d8c-asset-20260224202043-t8qxl.png
美国,51,女,教师,asset-20260224202823-4qn7p,https://sscm-media.oss-cn-guangzhou.aliyuncs.com/image/migrated/bd552ba3abfaacdf-asset-20260224202823-4qn7p.png
捷克,31,女,建筑师,asset-20260224194902-hkzdl,https://sscm-media.oss-cn-guangzhou.aliyuncs.com/image/migrated/cd22c0d0bd117b9c-asset-20260224194902-hkzdl.png
土库曼斯坦,36,女,保险业务员,asset-20260224201338-hrw4j,https://sscm-media.oss-cn-guangzhou.aliyuncs.com/image/migrated/341b662b0ff0b0a6-asset-20260224201338-hrw4j.png
荷兰,39,女,店员/收银员,asset-20260224195339-t88dv,https://sscm-media.oss-cn-guangzhou.aliyuncs.com/image/migrated/82e44c7c58b4a257-asset-20260224195339-t88dv.png
阿联酋,50,女,健身教练,asset-20260224195124-r4xrl,https://sscm-media.oss-cn-guangzhou.aliyuncs.com/image/migrated/a965c2964c6599cf-asset-20260224195124-r4xrl.png
秘鲁,51,女,客服,asset-20260224201151-k4bsz,https://sscm-media.oss-cn-guangzhou.aliyuncs.com/image/migrated/5f6f1e3e352bd9d4-asset-20260224201151-k4bsz.png
越南,40,女,设计师,asset-20260224201113-79xq7,https://sscm-media.oss-cn-guangzhou.aliyuncs.com/image/migrated/9a22b2e800eda76c-asset-20260224201113-79xq7.png
中国,23,女,婚礼策划师,asset-20260224200439-scwcc,https://sscm-media.oss-cn-guangzhou.aliyuncs.com/image/migrated/d69eb3a4a828fede-asset-20260224200439-scwcc.png
波兰,23,男,司机/货车司机,asset-20260224195507-sphq8,https://sscm-media.oss-cn-guangzhou.aliyuncs.com/image/migrated/7848ee5de2706e9c-asset-20260224195507-sphq8.png
中国,30,女,作家,asset-20260224200541-d8hkz,https://sscm-media.oss-cn-guangzhou.aliyuncs.com/image/migrated/4cfbca8cc3ecf028-asset-20260224200541-d8hkz.png
墨西哥,34,女,银行柜员,asset-20260224195033-wc84m,https://sscm-media.oss-cn-guangzhou.aliyuncs.com/image/migrated/856b38f4e43cb96d-asset-20260224195033-wc84m.png
马来西亚,89,男,退休人员,asset-20260224202250-rt6gh,https://sscm-media.oss-cn-guangzhou.aliyuncs.com/image/migrated/fd2bdb43d480e0b6-asset-20260224202250-rt6gh.png
莫桑比克,32,女,药剂师,asset-20260224202328-dn2ts,https://sscm-media.oss-cn-guangzhou.aliyuncs.com/image/migrated/dad2896a92fe270b-asset-20260224202328-dn2ts.png
哈萨克斯坦,22,男,文员/行政,asset-20260224201942-vw8qf,https://sscm-media.oss-cn-guangzhou.aliyuncs.com/image/migrated/c9b4c878c0c16bf1-asset-20260224201942-vw8qf.png
日本,32,女,公务员,asset-20260224200549-9r9jn,https://sscm-media.oss-cn-guangzhou.aliyuncs.com/image/migrated/0cd86651c59d3e86-asset-20260224200549-9r9jn.png
厄瓜多尔,35,女,网约车司机,asset-20260224194822-7c9t4,https://sscm-media.oss-cn-guangzhou.aliyuncs.com/image/migrated/e0ddea9c64461fb0-asset-20260224194822-7c9t4.png
古巴,85,女,退休人员,asset-20260224195434-sbzls,https://sscm-media.oss-cn-guangzhou.aliyuncs.com/image/migrated/70e05ed41f1e8ef2-asset-20260224195434-sbzls.png
坦桑尼亚,49,男,银行柜员,asset-20260224203419-f69tz,https://sscm-media.oss-cn-guangzhou.aliyuncs.com/image/migrated/c1946a4b4f8cd3e8-asset-20260224203419-f69tz.png
马里,27,男,心理咨询师,asset-20260224203322-fpp7d,https://sscm-media.oss-cn-guangzhou.aliyuncs.com/image/migrated/cf28dff685aa5c19-asset-20260224203322-fpp7d.png
中国,28,女,歌手,asset-20260224200656-xl99p,https://sscm-media.oss-cn-guangzhou.aliyuncs.com/image/migrated/57c967d97a141030-asset-20260224200656-xl99p.png
中国,98,女,退休人员,asset-20260224201523-rhwt8,https://sscm-media.oss-cn-guangzhou.aliyuncs.com/image/migrated/6c3a52536ccd085f-asset-20260224201523-rhwt8.png
中国,87,女,退休人员,asset-20260224201510-2rzjj,https://sscm-media.oss-cn-guangzhou.aliyuncs.com/image/migrated/f793e3a57d55562f-asset-20260224201510-2rzjj.png
亚美尼亚,89,女,退休人员,asset-20260224195446-x78hw,https://sscm-media.oss-cn-guangzhou.aliyuncs.com/image/migrated/df9daabbb6561a6e-asset-20260224195446-x78hw.png
中国,44,女,养蜂人,asset-20260224201303-m9t4g,https://sscm-media.oss-cn-guangzhou.aliyuncs.com/image/migrated/261ae6fd884320af-asset-20260224201303-m9t4g.png
中国,29,女,大学生,asset-20260224200416-ln5xx,https://sscm-media.oss-cn-guangzhou.aliyuncs.com/image/migrated/0b82601fe4ed327c-asset-20260224200416-ln5xx.png
意大利,22,男,司机/货车司机,asset-20260224195853-sxlfl,https://sscm-media.oss-cn-guangzhou.aliyuncs.com/image/migrated/af4944ab3667128e-asset-20260224195853-sxlfl.png
印度尼西亚,22,男,宠物美容师,asset-20260224201852-sp49l,https://sscm-media.oss-cn-guangzhou.aliyuncs.com/image/migrated/c10ab5e4f045b3dd-asset-20260224201852-sp49l.png
津巴布韦,57,女,企业家/CEO,asset-20260224203020-vfql4,https://sscm-media.oss-cn-guangzhou.aliyuncs.com/image/migrated/281f79fa363d0b9b-asset-20260224203020-vfql4.png
埃塞俄比亚,33,女,茶艺师,asset-20260224202708-k28xp,https://sscm-media.oss-cn-guangzhou.aliyuncs.com/image/migrated/515be45ccb75d9b9-asset-20260224202708-k28xp.png
中国,22,女,律师,asset-20260224200434-z45xd,https://sscm-media.oss-cn-guangzhou.aliyuncs.com/image/migrated/22e39f12db845493-asset-20260224200434-z45xd.png
汤加,28,男,企业家/CEO,asset-20260224201553-pxgg7,https://sscm-media.oss-cn-guangzhou.aliyuncs.com/image/migrated/45ede95514d26b19-asset-20260224201553-pxgg7.png
巴西,31,男,律师,asset-20260224203306-lxqjf,https://sscm-media.oss-cn-guangzhou.aliyuncs.com/image/migrated/c2a298bdc116a1cc-asset-20260224203306-lxqjf.png
法国,29,女,外卖员,asset-20260224195006-fdwr7,https://sscm-media.oss-cn-guangzhou.aliyuncs.com/image/migrated/0849aa41c5a9d42b-asset-20260224195006-fdwr7.png
中国,27,女,医生,asset-20260224200423-fvx9m,https://sscm-media.oss-cn-guangzhou.aliyuncs.com/image/migrated/d851c10982aca98b-asset-20260224200423-fvx9m.png
韩国,48,女,画家/艺术家,asset-20260224201237-ft7k9,https://sscm-media.oss-cn-guangzhou.aliyuncs.com/image/migrated/a3f7dd7ce63764eb-asset-20260224201237-ft7k9.png
中国,37,女,导游,asset-20260224201316-ql9xl,https://sscm-media.oss-cn-guangzhou.aliyuncs.com/image/migrated/f6dd7634232f0806-asset-20260224201316-ql9xl.png
泰国,34,女,教师,asset-20260224200907-dk7jb,https://sscm-media.oss-cn-guangzhou.aliyuncs.com/image/migrated/780fafda392ee70c-asset-20260224200907-dk7jb.png
老挝,86,女,退休人员,asset-20260224201459-2flbg,https://sscm-media.oss-cn-guangzhou.aliyuncs.com/image/migrated/bab4cfcc4bb352bf-asset-20260224201459-2flbg.png
墨西哥,23,女,婚礼策划师,asset-20260224194737-h55vc,https://sscm-media.oss-cn-guangzhou.aliyuncs.com/image/migrated/4372c77a86c471e9-asset-20260224194737-h55vc.png
中国,21,女,小贩/摊贩,asset-20260224200529-xxdcv,https://sscm-media.oss-cn-guangzhou.aliyuncs.com/image/migrated/ae938ff902bd8787-asset-20260224200529-xxdcv.png
印度,23,女,咖啡师,asset-20260224194502-kfr78,https://sscm-media.oss-cn-guangzhou.aliyuncs.com/image/migrated/f23fff628dea2966-asset-20260224194502-kfr78.png
中国,29,女,销售,asset-20260224201017-m44v9,https://sscm-media.oss-cn-guangzhou.aliyuncs.com/image/migrated/1a62c36987dfdfd7-asset-20260224201017-m44v9.png
中国,50,女,导游,asset-20260224201155-6h7xj,https://sscm-media.oss-cn-guangzhou.aliyuncs.com/image/migrated/5340dabeca89f503-asset-20260224201155-6h7xj.png
中国,31,男,修理工/水电工,asset-20260224201815-cvwfr,https://sscm-media.oss-cn-guangzhou.aliyuncs.com/image/migrated/832844682ee02cbc-asset-20260224201815-cvwfr.png
厄瓜多尔,40,女,西餐厨师/糕点师,asset-20260224195250-sgvl5,https://sscm-media.oss-cn-guangzhou.aliyuncs.com/image/migrated/1a915753211c2022-asset-20260224195250-sgvl5.png
委内瑞拉,34,女,牙医,asset-20260224202601-m2xmn,https://sscm-media.oss-cn-guangzhou.aliyuncs.com/image/migrated/b13d18fbbf69fb05-asset-20260224202601-m2xmn.png
纳米比亚,27,女,教师,asset-20260224202556-lj27s,https://sscm-media.oss-cn-guangzhou.aliyuncs.com/image/migrated/7d1e9f20203c4931-asset-20260224202556-lj27s.png
格陵兰,57,女,银行柜员,asset-20260224201454-xmqh6,https://sscm-media.oss-cn-guangzhou.aliyuncs.com/image/migrated/d5befebdc3dced6b-asset-20260224201454-xmqh6.png
德国,53,男,程序员,asset-20260224200041-hqcxd,https://sscm-media.oss-cn-guangzhou.aliyuncs.com/image/migrated/ef217285f86ceeb9-asset-20260224200041-hqcxd.png
哥伦比亚,79,女,退休人员,asset-20260224203031-76tns,https://sscm-media.oss-cn-guangzhou.aliyuncs.com/image/migrated/62d49a7e5e8e38f5-asset-20260224203031-76tns.png
日本,51,男,司机/货车司机,asset-20260224202214-5zw74,https://sscm-media.oss-cn-guangzhou.aliyuncs.com/image/migrated/977d3bde892cfa93-asset-20260224202214-5zw74.png
波兰,47,女,心理咨询师,asset-20260224195143-fd8sb,https://sscm-media.oss-cn-guangzhou.aliyuncs.com/image/migrated/8f7b62512c7c2ca8-asset-20260224195143-fd8sb.png
捷克,46,男,心理咨询师,asset-20260224200044-qqfj4,https://sscm-media.oss-cn-guangzhou.aliyuncs.com/image/migrated/900d85c5bcb35085-asset-20260224200044-qqfj4.png
中国,36,女,瑜伽/普拉提教练,asset-20260224201138-nvvlk,https://sscm-media.oss-cn-guangzhou.aliyuncs.com/image/migrated/5ab26153d8e5efb2-asset-20260224201138-nvvlk.png
日本,27,女,心理咨询师,asset-20260224200847-zffc7,https://sscm-media.oss-cn-guangzhou.aliyuncs.com/image/migrated/6164c6a2e6d90a30-asset-20260224200847-zffc7.png
阿根廷,52,女,保洁员,asset-20260224195127-55sgx,https://sscm-media.oss-cn-guangzhou.aliyuncs.com/image/migrated/963c28528403cd43-asset-20260224195127-55sgx.png
中国,23,女,外卖员,asset-20260224200653-hks8z,https://sscm-media.oss-cn-guangzhou.aliyuncs.com/image/migrated/704d792ce0984964-asset-20260224200653-hks8z.png
以色列,38,男,投资银行家/基金经理,asset-20260224200213-556k5,https://sscm-media.oss-cn-guangzhou.aliyuncs.com/image/migrated/d12c288900ffdfe2-asset-20260224200213-556k5.png
瑞典,31,女,高铁乘务员,asset-20260224194935-42pb7,https://sscm-media.oss-cn-guangzhou.aliyuncs.com/image/migrated/87b52f24beb064d5-asset-20260224194935-42pb7.png
哈萨克斯坦,31,女,工厂工人,asset-20260224200847-n6pvc,https://sscm-media.oss-cn-guangzhou.aliyuncs.com/image/migrated/ef20f4f6b9a3cf57-asset-20260224200847-n6pvc.png
德国,31,女,文员/行政,asset-20260224194835-m7jb4,https://sscm-media.oss-cn-guangzhou.aliyuncs.com/image/migrated/3a25ed5307e1669f-asset-20260224194835-m7jb4.png
意大利,30,女,咖啡师,asset-20260224195004-dtr86,https://sscm-media.oss-cn-guangzhou.aliyuncs.com/image/migrated/93bae29e9364a617-asset-20260224195004-dtr86.png
阿联酋,24,女,高铁乘务员,asset-20260224194809-ts6w9,https://sscm-media.oss-cn-guangzhou.aliyuncs.com/image/migrated/016c3ed0213350e1-asset-20260224194809-ts6w9.png
巴西,33,女,保险业务员,asset-20260224202442-4f62w,https://sscm-media.oss-cn-guangzhou.aliyuncs.com/image/migrated/96bc7344b3580e74-asset-20260224202442-4f62w.png
西班牙,43,女,科学家/研究员,asset-20260224195251-rfwvk,https://sscm-media.oss-cn-guangzhou.aliyuncs.com/image/migrated/ef65d470e39f79bd-asset-20260224195251-rfwvk.png
古巴,59,女,文员/行政,asset-20260224203004-b8ljk,https://sscm-media.oss-cn-guangzhou.aliyuncs.com/image/migrated/30db54ec9311a78a-asset-20260224203004-b8ljk.png
土库曼斯坦,42,女,导游,asset-20260224201241-fbplc,https://sscm-media.oss-cn-guangzhou.aliyuncs.com/image/migrated/e3b58c56d9470627-asset-20260224201241-fbplc.png
匈牙利,53,男,环卫工人,asset-20260224200144-m8hbq,https://sscm-media.oss-cn-guangzhou.aliyuncs.com/image/migrated/0de151bbfdf3a904-asset-20260224200144-m8hbq.png
中国,48,女,销售,asset-20260224201400-x4qvx,https://sscm-media.oss-cn-guangzhou.aliyuncs.com/image/migrated/06cc1ae593e504de-asset-20260224201400-x4qvx.png
印度尼西亚,48,男,修理工/水电工,asset-20260224202201-jm4cp,https://sscm-media.oss-cn-guangzhou.aliyuncs.com/image/migrated/a1f31daf0cac9ad2-asset-20260224202201-jm4cp.png
法国,27,女,婚礼策划师,asset-20260224202313-74mtj,https://sscm-media.oss-cn-guangzhou.aliyuncs.com/image/migrated/d5079daf0246b78c-asset-20260224202313-74mtj.png
马里,53,男,大学教授,asset-20260224203346-c2vjv,https://sscm-media.oss-cn-guangzhou.aliyuncs.com/image/migrated/fe64a7993d561da4-asset-20260224203346-c2vjv.png
沙特阿拉伯,23,女,模特,asset-20260224194531-b6xg7,https://sscm-media.oss-cn-guangzhou.aliyuncs.com/image/migrated/b2205709a628c877-asset-20260224194531-b6xg7.png
马来西亚,29,男,多肉/花卉种植员,asset-20260224201718-5frgv,https://sscm-media.oss-cn-guangzhou.aliyuncs.com/image/migrated/90f202129fe9685b-asset-20260224201718-5frgv.png
乌兹别克斯坦,25,女,茶艺师,asset-20260224201043-fxgf8,https://sscm-media.oss-cn-guangzhou.aliyuncs.com/image/migrated/cb6c1361590c58f1-asset-20260224201043-fxgf8.png
日本,33,女,歌手,asset-20260224200743-8nngn,https://sscm-media.oss-cn-guangzhou.aliyuncs.com/image/migrated/841557d2664dce49-asset-20260224200743-8nngn.png
吉尔吉斯斯坦,23,男,渔民,asset-20260224201603-6r8sh,https://sscm-media.oss-cn-guangzhou.aliyuncs.com/image/migrated/66d042dad842cf18-asset-20260224201603-6r8sh.png
加拿大,22,女,小贩/摊贩,asset-20260224200952-w9srk,https://sscm-media.oss-cn-guangzhou.aliyuncs.com/image/migrated/05a09ce574540b90-asset-20260224200952-w9srk.png
日本,27,男,文员/行政,asset-20260224201931-fbt2d,https://sscm-media.oss-cn-guangzhou.aliyuncs.com/image/migrated/4a0665a9e91af9bb-asset-20260224201931-fbt2d.png
埃塞俄比亚,28,女,企业高管,asset-20260224202519-jg9nl,https://sscm-media.oss-cn-guangzhou.aliyuncs.com/image/migrated/8c97409a0cbc8d13-asset-20260224202519-jg9nl.png
厄立特里亚,26,男,投资银行家/基金经理,asset-20260224203156-8bwr5,https://sscm-media.oss-cn-guangzhou.aliyuncs.com/image/migrated/494379e99758404d-asset-20260224203156-8bwr5.png
美国,42,男,歌手,asset-20260224200058-6zmpz,https://sscm-media.oss-cn-guangzhou.aliyuncs.com/image/migrated/946352534b475214-asset-20260224200058-6zmpz.png
牙买加,53,女,银行柜员,asset-20260224202757-kkk6n,https://sscm-media.oss-cn-guangzhou.aliyuncs.com/image/migrated/8c6658af9f9a8457-asset-20260224202757-kkk6n.png
乌兹别克斯坦,26,男,设计师,asset-20260224202025-8tjvv,https://sscm-media.oss-cn-guangzhou.aliyuncs.com/image/migrated/e59e3e7d268c4c31-asset-20260224202025-8tjvv.png
乌拉圭,51,女,律师,asset-20260224195246-rvvsn,https://sscm-media.oss-cn-guangzhou.aliyuncs.com/image/migrated/2d198d449a08ef90-asset-20260224195246-rvvsn.png
孟加拉国,71,女,摄影师,asset-20260224195356-75nbt,https://sscm-media.oss-cn-guangzhou.aliyuncs.com/image/migrated/fdc0ceeb54c1aaf9-asset-20260224195356-75nbt.png
中国,45,女,科学家/研究员,asset-20260224201304-kvhfm,https://sscm-media.oss-cn-guangzhou.aliyuncs.com/image/migrated/97ad103803f41ab4-asset-20260224201304-kvhfm.png
中国,42,女,文员/行政,asset-20260224201207-7xwmb,https://sscm-media.oss-cn-guangzhou.aliyuncs.com/image/migrated/fd2402c6f8400538-asset-20260224201207-7xwmb.png
刚果（金）,26,男,医生,asset-20260224203158-gqltp,https://sscm-media.oss-cn-guangzhou.aliyuncs.com/image/migrated/63eda6e1cf02ffba-asset-20260224203158-gqltp.png
中国,49,女,银行柜员,asset-20260224201334-lft4n,https://sscm-media.oss-cn-guangzhou.aliyuncs.com/image/migrated/977caf9dbb33b3bc-asset-20260224201334-lft4n.png
沙特阿拉伯,20,男,渔民,asset-20260224195850-g6q2t,https://sscm-media.oss-cn-guangzhou.aliyuncs.com/image/migrated/647f8ad67f133279-asset-20260224195850-g6q2t.png
捷克,29,男,理发师,asset-20260224195757-r6bkm,https://sscm-media.oss-cn-guangzhou.aliyuncs.com/image/migrated/4a61bcddb5f986e7-asset-20260224195757-r6bkm.png
中国,23,女,客服,asset-20260224200418-2bh4r,https://sscm-media.oss-cn-guangzhou.aliyuncs.com/image/migrated/b681992ea726fd84-asset-20260224200418-2bh4r.png
哈萨克斯坦,28,男,工程师,asset-20260224201549-qm64j,https://sscm-media.oss-cn-guangzhou.aliyuncs.com/image/migrated/406e3d67ef35f709-asset-20260224201549-qm64j.png
墨西哥,38,女,客服,asset-20260224201103-4rk27,https://sscm-media.oss-cn-guangzhou.aliyuncs.com/image/migrated/a5335a173b69a1cd-asset-20260224201103-4rk27.png
墨西哥,23,男,歌手,asset-20260224195802-xr7st,https://sscm-media.oss-cn-guangzhou.aliyuncs.com/image/migrated/b04f86a174638cba-asset-20260224195802-xr7st.png
中国,34,女,客服,asset-20260224200337-bckjn,https://sscm-media.oss-cn-guangzhou.aliyuncs.com/image/migrated/654f7b08241c6938-asset-20260224200337-bckjn.png
中国,32,男,咖啡师,asset-20260224201626-bhltz,https://sscm-media.oss-cn-guangzhou.aliyuncs.com/image/migrated/15c87672bb307ab3-asset-20260224201626-bhltz.png
中国,19,女,瑜伽/普拉提教练,asset-20260224200903-lh5zb,https://sscm-media.oss-cn-guangzhou.aliyuncs.com/image/migrated/865ce9577f0c381d-asset-20260224200903-lh5zb.png
尼日利亚,18,女,瑜伽/普拉提教练,asset-20260224202518-wt8qr,https://sscm-media.oss-cn-guangzhou.aliyuncs.com/image/migrated/f195d3ada4039905-asset-20260224202518-wt8qr.png
中国,33,男,摄影师,asset-20260224201821-96qrm,https://sscm-media.oss-cn-guangzhou.aliyuncs.com/image/migrated/b655c899fd628f75-asset-20260224201821-96qrm.png
巴西,24,男,公务员,asset-20260224203224-rkvsh,https://sscm-media.oss-cn-guangzhou.aliyuncs.com/image/migrated/c973c9a6d1e25281-asset-20260224203224-rkvsh.png
阿根廷,47,男,企业家/CEO,asset-20260224200136-l7v2w,https://sscm-media.oss-cn-guangzhou.aliyuncs.com/image/migrated/229668afd22543a9-asset-20260224200136-l7v2w.png
菲律宾,25,女,咖啡师,asset-20260224200743-lmkk9,https://sscm-media.oss-cn-guangzhou.aliyuncs.com/image/migrated/9f1e112444e04e55-asset-20260224200743-lmkk9.png
中国,19,男,农民,asset-20260224201642-xbpv9,https://sscm-media.oss-cn-guangzhou.aliyuncs.com/image/migrated/c4393b0fd9339419-asset-20260224201642-xbpv9.png
瑞典,25,女,作家,asset-20260224195024-qzsrd,https://sscm-media.oss-cn-guangzhou.aliyuncs.com/image/migrated/020b414e0506f1fc-asset-20260224195024-qzsrd.png
以色列,19,男,导游,asset-20260224195947-lt6d7,https://sscm-media.oss-cn-guangzhou.aliyuncs.com/image/migrated/38a0749280a8d94c-asset-20260224195947-lt6d7.png
西班牙,28,女,律师,asset-20260224194943-hgtq2,https://sscm-media.oss-cn-guangzhou.aliyuncs.com/image/migrated/e5c29e0b4f8afcec-asset-20260224194943-hgtq2.png
韩国,62,女,小贩/摊贩,asset-20260224201425-g8j2h,https://sscm-media.oss-cn-guangzhou.aliyuncs.com/image/migrated/fa3ceb71fb1be433-asset-20260224201425-g8j2h.png
牙买加,18,女,歌手,asset-20260224202445-tg7np,https://sscm-media.oss-cn-guangzhou.aliyuncs.com/image/migrated/cd3503a4b9c4a3d0-asset-20260224202445-tg7np.png
巴西,21,男,快递员,asset-20260224195931-4svn7,https://sscm-media.oss-cn-guangzhou.aliyuncs.com/image/migrated/7c3daf455008c928-asset-20260224195931-4svn7.png
马来西亚,23,男,健身教练,asset-20260224201631-7595q,https://sscm-media.oss-cn-guangzhou.aliyuncs.com/image/migrated/e65cc1f69fca32fa-asset-20260224201631-7595q.png
埃塞俄比亚,29,女,客服,asset-20260224202657-rcbs2,https://sscm-media.oss-cn-guangzhou.aliyuncs.com/image/migrated/fc66cca44f364484-asset-20260224202657-rcbs2.png
乌兹别克斯坦,67,女,店员/收银员,asset-20260224201415-xcrj2,https://sscm-media.oss-cn-guangzhou.aliyuncs.com/image/migrated/2aa479a04cb818ef-asset-20260224201415-xcrj2.png
中国,35,女,多肉/花卉种植员,asset-20260224201031-dlsm5,https://sscm-media.oss-cn-guangzhou.aliyuncs.com/image/migrated/18279daade727042-asset-20260224201031-dlsm5.png
泰国,22,女,教师,asset-20260224200854-7bv9b,https://sscm-media.oss-cn-guangzhou.aliyuncs.com/image/migrated/16cdba1241e06f62-asset-20260224200854-7bv9b.png
中国,50,女,网红/主播,asset-20260224201209-4q6vv,https://sscm-media.oss-cn-guangzhou.aliyuncs.com/image/migrated/eb83d1ab543199dd-asset-20260224201209-4q6vv.png
日本,31,女,宠物美容师,asset-20260224200813-9x56d,https://sscm-media.oss-cn-guangzhou.aliyuncs.com/image/migrated/d14daab8fe6195f4-asset-20260224200813-9x56d.png
土库曼斯坦,27,女,会计,asset-20260224200830-mbjf9,https://sscm-media.oss-cn-guangzhou.aliyuncs.com/image/migrated/ae227bfba3cf1f44-asset-20260224200830-mbjf9.png
哥伦比亚,29,男,理发师,asset-20260224203119-ql469,https://sscm-media.oss-cn-guangzhou.aliyuncs.com/image/migrated/5ed0ccc0d3cb43c8-asset-20260224203119-ql469.png
中国,38,女,销售,asset-20260224201123-wmtvs,https://sscm-media.oss-cn-guangzhou.aliyuncs.com/image/migrated/2e795f7b261d4a4e-asset-20260224201123-wmtvs.png
墨西哥,86,女,退休人员,asset-20260224195458-jr49q,https://sscm-media.oss-cn-guangzhou.aliyuncs.com/image/migrated/044b796154c5fa9f-asset-20260224195458-jr49q.png
法国,21,男,收纳整理师,asset-20260224195916-kc4g4,https://sscm-media.oss-cn-guangzhou.aliyuncs.com/image/migrated/4e6172020edc27df-asset-20260224195916-kc4g4.png
乌克兰,35,男,理发师,asset-20260224195718-csb8q,https://sscm-media.oss-cn-guangzhou.aliyuncs.com/image/migrated/a3d9b61df05ec67b-asset-20260224195718-csb8q.png
泰国,39,女,画家/艺术家,asset-20260224201257-6zjtd,https://sscm-media.oss-cn-guangzhou.aliyuncs.com/image/migrated/7e0a8cb09a7f8346-asset-20260224201257-6zjtd.png
越南,35,女,保洁员,asset-20260224200935-jgn9w,https://sscm-media.oss-cn-guangzhou.aliyuncs.com/image/migrated/7c8287e793b2e5c4-asset-20260224200935-jgn9w.png
哈萨克斯坦,69,男,屠夫,asset-20260224200314-rfwgz,https://sscm-media.oss-cn-guangzhou.aliyuncs.com/image/migrated/1a52ce7aa1c21fd8-asset-20260224200314-rfwgz.png
南非,30,女,记者/媒体人,asset-20260224194841-kgn7q,https://sscm-media.oss-cn-guangzhou.aliyuncs.com/image/migrated/b61ffa534434c928-asset-20260224194841-kgn7q.png
新西兰,34,女,店员/收银员,asset-20260224194637-x2wf7,https://sscm-media.oss-cn-guangzhou.aliyuncs.com/image/migrated/c906fa6ffd2ec299-asset-20260224194637-x2wf7.png
巴西,19,男,网红/主播,asset-20260224203223-9226k,https://sscm-media.oss-cn-guangzhou.aliyuncs.com/image/migrated/8808313cef7297f6-asset-20260224203223-9226k.png
马里,18,女,网红/主播,asset-20260224202701-hfvpc,https://sscm-media.oss-cn-guangzhou.aliyuncs.com/image/migrated/46f6a5643d342db6-asset-20260224202701-hfvpc.png
厄瓜多尔,96,女,退休人员,asset-20260224195455-4pkmf,https://sscm-media.oss-cn-guangzhou.aliyuncs.com/image/migrated/4178cdf963077a34-asset-20260224195455-4pkmf.png
印度尼西亚,21,女,作家,asset-20260224200513-lfvdk,https://sscm-media.oss-cn-guangzhou.aliyuncs.com/image/migrated/c81cdcf3e61124d2-asset-20260224200513-lfvdk.png
坦桑尼亚,28,男,教师,asset-20260224203317-27cr9,https://sscm-media.oss-cn-guangzhou.aliyuncs.com/image/migrated/fe4b27164ef25d12-asset-20260224203317-27cr9.png
保加利亚,56,女,销售,asset-20260224195415-rl56z,https://sscm-media.oss-cn-guangzhou.aliyuncs.com/image/migrated/5c89846e7e32b3ff-asset-20260224195415-rl56z.png
克罗地亚,36,女,牙医,asset-20260224195235-grnjk,https://sscm-media.oss-cn-guangzhou.aliyuncs.com/image/migrated/254aed7daa0dbd22-asset-20260224195235-grnjk.png
美国,85,男,退休人员,asset-20260224200315-sgbdh,https://sscm-media.oss-cn-guangzhou.aliyuncs.com/image/migrated/9235f7339c0fe7ed-asset-20260224200315-sgbdh.png
印度尼西亚,53,女,歌手,asset-20260224201347-j2gz6,https://sscm-media.oss-cn-guangzhou.aliyuncs.com/image/migrated/592b524b9129625f-asset-20260224201347-j2gz6.png
爱尔兰,54,女,服务员,asset-20260224195344-24zl5,https://sscm-media.oss-cn-guangzhou.aliyuncs.com/image/migrated/6ae84e953e279dbc-asset-20260224195344-24zl5.png
中国,33,男,画家/艺术家,asset-20260224202000-mxz27,https://sscm-media.oss-cn-guangzhou.aliyuncs.com/image/migrated/5d5bd6d0699fa555-asset-20260224202000-mxz27.png
贝宁,51,男,房产中介,asset-20260224203413-llfn9,https://sscm-media.oss-cn-guangzhou.aliyuncs.com/image/migrated/620e006bb3a2c783-asset-20260224203413-llfn9.png
格鲁吉亚,23,女,摄影师,asset-20260224195004-l675s,https://sscm-media.oss-cn-guangzhou.aliyuncs.com/image/migrated/495fc449ca37d74f-asset-20260224195004-l675s.png
日本,24,女,理发师,asset-20260224200355-7mkzl,https://sscm-media.oss-cn-guangzhou.aliyuncs.com/image/migrated/593ae281bbc32cfd-asset-20260224200355-7mkzl.png
法国,53,女,网约车司机,asset-20260224195345-9jcf4,https://sscm-media.oss-cn-guangzhou.aliyuncs.com/image/migrated/9593aa179031fb4f-asset-20260224195345-9jcf4.png
中国,36,女,高铁乘务员,asset-20260224201331-zg6ks,https://sscm-media.oss-cn-guangzhou.aliyuncs.com/image/migrated/c6d0d69d49c92a7f-asset-20260224201331-zg6ks.png
格陵兰,25,女,护工/家政工,asset-20260224194718-mzjrm,https://sscm-media.oss-cn-guangzhou.aliyuncs.com/image/migrated/3989260156fbdbdc-asset-20260224194718-mzjrm.png
日本,25,男,程序员,asset-20260224201833-jw4wq,https://sscm-media.oss-cn-guangzhou.aliyuncs.com/image/migrated/a7bd765cfc76d34c-asset-20260224201833-jw4wq.png
中国,25,男,电竞选手,asset-20260224201944-2mssj,https://sscm-media.oss-cn-guangzhou.aliyuncs.com/image/migrated/d7ebb81acdc4e43e-asset-20260224201944-2mssj.png
中国,26,女,建筑师,asset-20260224200610-bszt8,https://sscm-media.oss-cn-guangzhou.aliyuncs.com/image/migrated/b95b153eeba49b8d-asset-20260224200610-bszt8.png
俄罗斯,22,男,农业专家,asset-20260224202006-ts2cg,https://sscm-media.oss-cn-guangzhou.aliyuncs.com/image/migrated/ba438fa0e424c519-asset-20260224202006-ts2cg.png
喀麦隆,27,男,投资银行家/基金经理,asset-20260224203209-n4l42,https://sscm-media.oss-cn-guangzhou.aliyuncs.com/image/migrated/855f3f50a0d737fe-asset-20260224203209-n4l42.png
伊朗,31,男,快递员,asset-20260224195748-64sf4,https://sscm-media.oss-cn-guangzhou.aliyuncs.com/image/migrated/2ac15c99c754da1b-asset-20260224195748-64sf4.png
委内瑞拉,45,男,环卫工人,asset-20260224200110-jglk8,https://sscm-media.oss-cn-guangzhou.aliyuncs.com/image/migrated/f252761161c30a66-asset-20260224200110-jglk8.png
克罗地亚,55,女,文员/行政,asset-20260224195339-c9fw8,https://sscm-media.oss-cn-guangzhou.aliyuncs.com/image/migrated/48a2a3b6b7ac60eb-asset-20260224195339-c9fw8.png
秘鲁,32,女,房产中介,asset-20260224202620-92kgz,https://sscm-media.oss-cn-guangzhou.aliyuncs.com/image/migrated/9d2c1967f3fa0163-asset-20260224202620-92kgz.png
巴西,21,女,理发师,asset-20260224200736-c5nv6,https://sscm-media.oss-cn-guangzhou.aliyuncs.com/image/migrated/a53526312e0648a9-asset-20260224200736-c5nv6.png
中国,48,女,店员/收银员,asset-20260224201327-2xrjk,https://sscm-media.oss-cn-guangzhou.aliyuncs.com/image/migrated/faa9a574878d3f30-asset-20260224201327-2xrjk.png
萨摩亚,31,女,教师,asset-20260224200526-f9vtk,https://sscm-media.oss-cn-guangzhou.aliyuncs.com/image/migrated/1ff38dfa17a908a6-asset-20260224200526-f9vtk.png
中国,48,女,店员/收银员,asset-20260224201150-hddkv,https://sscm-media.oss-cn-guangzhou.aliyuncs.com/image/migrated/c33ce62b9d4464f2-asset-20260224201150-hddkv.png
牙买加,71,男,屠夫,asset-20260224203447-j7qsw,https://sscm-media.oss-cn-guangzhou.aliyuncs.com/image/migrated/a0fbd2579f54b454-asset-20260224203447-j7qsw.png
意大利,27,男,护工/家政工,asset-20260224195854-v6xv7,https://sscm-media.oss-cn-guangzhou.aliyuncs.com/image/migrated/8be607790eacf0bf-asset-20260224195854-v6xv7.png
中国,65,女,记者/媒体人,asset-20260224201428-bf7z2,https://sscm-media.oss-cn-guangzhou.aliyuncs.com/image/migrated/1d8f4f24769a2733-asset-20260224201428-bf7z2.png
乌克兰,49,女,科学家/研究员,asset-20260224195052-lpc4b,https://sscm-media.oss-cn-guangzhou.aliyuncs.com/image/migrated/a235e6c015b839ef-asset-20260224195052-lpc4b.png
埃塞俄比亚,22,女,教师,asset-20260224202512-v5q4r,https://sscm-media.oss-cn-guangzhou.aliyuncs.com/image/migrated/81da8184aadd09ba-asset-20260224202512-v5q4r.png
印度尼西亚,87,女,退休人员,asset-20260224201504-kzdpn,https://sscm-media.oss-cn-guangzhou.aliyuncs.com/image/migrated/7dd23404bc76dba8-asset-20260224201504-kzdpn.png
美国,29,男,客服,asset-20260224203205-mx6cv,https://sscm-media.oss-cn-guangzhou.aliyuncs.com/image/migrated/aceb4515554b0367-asset-20260224203205-mx6cv.png
印度尼西亚,19,女,歌手,asset-20260224201012-xhh94,https://sscm-media.oss-cn-guangzhou.aliyuncs.com/image/migrated/5f792d81a9b8bef4-asset-20260224201012-xhh94.png
乌拉圭,20,女,作家,asset-20260224194523-qs76k,https://sscm-media.oss-cn-guangzhou.aliyuncs.com/image/migrated/7f171b37eee03c51-asset-20260224194523-qs76k.png
美国,34,男,牙医,asset-20260224195855-fffps,https://sscm-media.oss-cn-guangzhou.aliyuncs.com/image/migrated/50f9c57f9b5f20f1-asset-20260224195855-fffps.png
德国,32,男,大学教授,asset-20260224195613-z5m4v,https://sscm-media.oss-cn-guangzhou.aliyuncs.com/image/migrated/5a22347301991bc6-asset-20260224195613-z5m4v.png
委内瑞拉,25,男,快递员,asset-20260224195934-47l97,https://sscm-media.oss-cn-guangzhou.aliyuncs.com/image/migrated/bf59065fa7e0f485-asset-20260224195934-47l97.png
中国,54,女,大学教授,asset-20260224201248-ml8km,https://sscm-media.oss-cn-guangzhou.aliyuncs.com/image/migrated/e993d62fec4d619a-asset-20260224201248-ml8km.png
乌兹别克斯坦,39,男,快递员,asset-20260224202122-248s7,https://sscm-media.oss-cn-guangzhou.aliyuncs.com/image/migrated/a2a755d852a84828-asset-20260224202122-248s7.png
韩国,39,男,网约车司机,asset-20260224202058-bjgrg,https://sscm-media.oss-cn-guangzhou.aliyuncs.com/image/migrated/0d373684d4eeba26-asset-20260224202058-bjgrg.png
英国,37,男,网约车司机,asset-20260224200227-kcmrc,https://sscm-media.oss-cn-guangzhou.aliyuncs.com/image/migrated/2bfcff78224675a1-asset-20260224200227-kcmrc.png
沙特阿拉伯,38,男,服务员,asset-20260224200222-ksj29,https://sscm-media.oss-cn-guangzhou.aliyuncs.com/image/migrated/65eb15f1c8a200ec-asset-20260224200222-ksj29.png
中国,38,女,果农,asset-20260224201335-zbbc4,https://sscm-media.oss-cn-guangzhou.aliyuncs.com/image/migrated/827a9ca18ce21660-asset-20260224201335-zbbc4.png
印度,22,女,医生,asset-20260224194536-hvsmw,https://sscm-media.oss-cn-guangzhou.aliyuncs.com/image/migrated/708aec85805b768c-asset-20260224194536-hvsmw.png
刚果（金）,26,女,歌手,asset-20260224202544-rfxwq,https://sscm-media.oss-cn-guangzhou.aliyuncs.com/image/migrated/7fbec6fdc94c71ac-asset-20260224202544-rfxwq.png
吉尔吉斯斯坦,38,女,健身教练,asset-20260224201154-nskf2,https://sscm-media.oss-cn-guangzhou.aliyuncs.com/image/migrated/25e04dc71e88ddcc-asset-20260224201154-nskf2.png
乌兹别克斯坦,26,女,银行柜员,asset-20260224200506-hh6r9,https://sscm-media.oss-cn-guangzhou.aliyuncs.com/image/migrated/b42dd7d03b54eaba-asset-20260224200506-hh6r9.png
中国,21,女,店员/收银员,asset-20260224200725-slrhw,https://sscm-media.oss-cn-guangzhou.aliyuncs.com/image/migrated/c3dea49cdf68f596-asset-20260224200725-slrhw.png
哈萨克斯坦,49,男,外贸业务员,asset-20260224202146-4cstq,https://sscm-media.oss-cn-guangzhou.aliyuncs.com/image/migrated/aa4daa0574727383-asset-20260224202146-4cstq.png
津巴布韦,86,男,退休人员,asset-20260224203514-nlf5h,https://sscm-media.oss-cn-guangzhou.aliyuncs.com/image/migrated/58b8c1f5edf9877c-asset-20260224203514-nlf5h.png
中国,96,女,退休人员,asset-20260224201510-prznv,https://sscm-media.oss-cn-guangzhou.aliyuncs.com/image/migrated/6f66b430fd2c07a6-asset-20260224201510-prznv.png
贝宁,46,女,幼师,asset-20260224202752-84w8m,https://sscm-media.oss-cn-guangzhou.aliyuncs.com/image/migrated/260ecc66bfda46be-asset-20260224202752-84w8m.png
韩国,31,女,文员/行政,asset-20260224200423-9hw2h,https://sscm-media.oss-cn-guangzhou.aliyuncs.com/image/migrated/09e0671b73deb6bf-asset-20260224200423-9hw2h.png
墨西哥,32,男,企业家/CEO,asset-20260224201744-k5s6r,https://sscm-media.oss-cn-guangzhou.aliyuncs.com/image/migrated/8029b8cd75a14c5a-asset-20260224201744-k5s6r.png
哥伦比亚,43,女,美甲师,asset-20260224195203-trcgt,https://sscm-media.oss-cn-guangzhou.aliyuncs.com/image/migrated/c581870e44111604-asset-20260224195203-trcgt.png
美国,85,男,退休人员,asset-20260224200327-ljkcb,https://sscm-media.oss-cn-guangzhou.aliyuncs.com/image/migrated/21ef76c610253f29-asset-20260224200327-ljkcb.png
古巴,65,女,农民,asset-20260224195414-xv6bn,https://sscm-media.oss-cn-guangzhou.aliyuncs.com/image/migrated/6ecf20bc57148824-asset-20260224195414-xv6bn.png
英国,33,女,歌手,asset-20260224194606-dbj9d,https://sscm-media.oss-cn-guangzhou.aliyuncs.com/image/migrated/b95c2bf8cc14d050-asset-20260224194606-dbj9d.png
菲律宾,35,女,健身教练,asset-20260224200712-v496w,https://sscm-media.oss-cn-guangzhou.aliyuncs.com/image/migrated/b2efe42797b1df88-asset-20260224200712-v496w.png
玻利维亚,24,女,导游,asset-20260224200714-74hrj,https://sscm-media.oss-cn-guangzhou.aliyuncs.com/image/migrated/077b0fd52ff38c7a-asset-20260224200714-74hrj.png
伊朗,51,女,药剂师,asset-20260224195159-45x82,https://sscm-media.oss-cn-guangzhou.aliyuncs.com/image/migrated/026aaf4ec4fdacd7-asset-20260224195159-45x82.png
中国,33,女,外卖员,asset-20260224201030-8tn2b,https://sscm-media.oss-cn-guangzhou.aliyuncs.com/image/migrated/04c64284f1f2ded6-asset-20260224201030-8tn2b.png
加蓬,44,女,教师,asset-20260224202714-zwwlc,https://sscm-media.oss-cn-guangzhou.aliyuncs.com/image/migrated/49366609828da59a-asset-20260224202714-zwwlc.png
美国,18,男,客服,asset-20260224203150-fjbt8,https://sscm-media.oss-cn-guangzhou.aliyuncs.com/image/migrated/0f2470f7c377e4a1-asset-20260224203150-fjbt8.png
委内瑞拉,47,女,工厂工人,asset-20260224195047-5bc7t,https://sscm-media.oss-cn-guangzhou.aliyuncs.com/image/migrated/f68aa67a2df8b843-asset-20260224195047-5bc7t.png
墨西哥,23,男,科学家/研究员,asset-20260224201746-cjnj5,https://sscm-media.oss-cn-guangzhou.aliyuncs.com/image/migrated/52a02f5bc202dc59-asset-20260224201746-cjnj5.png
俄罗斯,50,女,歌手,asset-20260224195207-894fj,https://sscm-media.oss-cn-guangzhou.aliyuncs.com/image/migrated/a4095bb73308579c-asset-20260224195207-894fj.png
尼日利亚,47,女,保洁员,asset-20260224202838-prhbh,https://sscm-media.oss-cn-guangzhou.aliyuncs.com/image/migrated/febda6dd51625ae4-asset-20260224202838-prhbh.png
俄罗斯,21,男,渔民,asset-20260224201923-wmw97,https://sscm-media.oss-cn-guangzhou.aliyuncs.com/image/migrated/9a070e95093b337b-asset-20260224201923-wmw97.png
乌克兰,77,女,退休人员,asset-20260224195454-mrwjk,https://sscm-media.oss-cn-guangzhou.aliyuncs.com/image/migrated/d4438fafaabb0aeb-asset-20260224195454-mrwjk.png
秘鲁,20,男,咖啡师,asset-20260224203300-nwnvw,https://sscm-media.oss-cn-guangzhou.aliyuncs.com/image/migrated/a2735b498b782924-asset-20260224203300-nwnvw.png
韩国,28,女,网红/主播,asset-20260224200630-djxxb,https://sscm-media.oss-cn-guangzhou.aliyuncs.com/image/migrated/4aada7e82cd837b6-asset-20260224200630-djxxb.png
中国,34,男,保安,asset-20260224201647-zd474,https://sscm-media.oss-cn-guangzhou.aliyuncs.com/image/migrated/39e5e4bba2ce0183-asset-20260224201647-zd474.png
俄罗斯,46,女,小贩/摊贩,asset-20260224195336-vk6ds,https://sscm-media.oss-cn-guangzhou.aliyuncs.com/image/migrated/127ee101b9d96d74-asset-20260224195336-vk6ds.png
中国,23,男,DJ/音乐制作人,asset-20260224201615-zf82w,https://sscm-media.oss-cn-guangzhou.aliyuncs.com/image/migrated/b2f1b475af0b0d1d-asset-20260224201615-zf82w.png
美国,23,男,销售,asset-20260224195953-65dhs,https://sscm-media.oss-cn-guangzhou.aliyuncs.com/image/migrated/606264daef64ee03-asset-20260224195953-65dhs.png
中国,57,男,企业高管,asset-20260224202224-l2qcs,https://sscm-media.oss-cn-guangzhou.aliyuncs.com/image/migrated/923c25dbd2ddf283-asset-20260224202224-l2qcs.png
阿联酋,27,女,歌手,asset-20260224194508-67k5l,https://sscm-media.oss-cn-guangzhou.aliyuncs.com/image/migrated/f2958f75c6281ddb-asset-20260224194508-67k5l.png
委内瑞拉,49,男,画家/艺术家,asset-20260224200113-cwvxv,https://sscm-media.oss-cn-guangzhou.aliyuncs.com/image/migrated/8f59e20e838e07f6-asset-20260224200113-cwvxv.png
意大利,39,男,大学教授,asset-20260224200053-ttjk6,https://sscm-media.oss-cn-guangzhou.aliyuncs.com/image/migrated/0198c6244b1cab1a-asset-20260224200053-ttjk6.png
克罗地亚,32,女,销售,asset-20260224194636-mf7bd,https://sscm-media.oss-cn-guangzhou.aliyuncs.com/image/migrated/031cc4ed9793c1c7-asset-20260224194636-mf7bd.png
格陵兰,23,男,保险业务员,asset-20260224201900-cdntg,https://sscm-media.oss-cn-guangzhou.aliyuncs.com/image/migrated/00dd6c609f02d6d5-asset-20260224201900-cdntg.png
中国,47,男,科学家/研究员,asset-20260224202043-qrbd7,https://sscm-media.oss-cn-guangzhou.aliyuncs.com/image/migrated/0a058fb5e18f81ce-asset-20260224202043-qrbd7.png
俄罗斯,52,女,瑜伽/普拉提教练,asset-20260224201218-wxw5f,https://sscm-media.oss-cn-guangzhou.aliyuncs.com/image/migrated/39ce606b87d12661-asset-20260224201218-wxw5f.png
中国,25,女,高铁乘务员,asset-20260224200818-qxfl6,https://sscm-media.oss-cn-guangzhou.aliyuncs.com/image/migrated/de41a83c62421e64-asset-20260224200818-qxfl6.png
加拿大,23,男,搬运工,asset-20260224195745-g6ftt,https://sscm-media.oss-cn-guangzhou.aliyuncs.com/image/migrated/26da97cbc3887e5d-asset-20260224195745-g6ftt.png
日本,22,女,客服,asset-20260224200920-7p942,https://sscm-media.oss-cn-guangzhou.aliyuncs.com/image/migrated/2cfa029e87f12856-asset-20260224200920-7p942.png
阿根廷,35,女,律师,asset-20260224194934-wsc5v,https://sscm-media.oss-cn-guangzhou.aliyuncs.com/image/migrated/c3c87d1e67dcec25-asset-20260224194934-wsc5v.png
危地马拉,26,男,农民,asset-20260224195826-dl5qc,https://sscm-media.oss-cn-guangzhou.aliyuncs.com/image/migrated/9294e110ed49963b-asset-20260224195826-dl5qc.png
土耳其,49,男,小贩/摊贩,asset-20260224200103-vtjsl,https://sscm-media.oss-cn-guangzhou.aliyuncs.com/image/migrated/712c20936f53bcf9-asset-20260224200103-vtjsl.png
危地马拉,72,女,歌手,asset-20260224201442-bj8zs,https://sscm-media.oss-cn-guangzhou.aliyuncs.com/image/migrated/5ab22292416c88f5-asset-20260224201442-bj8zs.png
菲律宾,31,男,空姐/空少,asset-20260224201746-p6df9,https://sscm-media.oss-cn-guangzhou.aliyuncs.com/image/migrated/ec0809263c7dc9e6-asset-20260224201746-p6df9.png
马来西亚,24,女,养蜂人,asset-20260224200408-8gqmt,https://sscm-media.oss-cn-guangzhou.aliyuncs.com/image/migrated/0b33f5267e12ffeb-asset-20260224200408-8gqmt.png
中国,34,男,保安,asset-20260224202011-7cgt6,https://sscm-media.oss-cn-guangzhou.aliyuncs.com/image/migrated/a3b41015d60db984-asset-20260224202011-7cgt6.png
委内瑞拉,36,女,作家,asset-20260224202829-2vmnp,https://sscm-media.oss-cn-guangzhou.aliyuncs.com/image/migrated/17a49c4adf05c2a7-asset-20260224202829-2vmnp.png
特立尼达和多巴哥,28,男,工程师,asset-20260224203240-w54gq,https://sscm-media.oss-cn-guangzhou.aliyuncs.com/image/migrated/dccee6cff67eb5b3-asset-20260224203240-w54gq.png
古巴,35,女,律师,asset-20260224194826-t6qh7,https://sscm-media.oss-cn-guangzhou.aliyuncs.com/image/migrated/3f69b95f8b0a3719-asset-20260224194826-t6qh7.png
冰岛,18,女,客服,asset-20260224195001-blfd5,https://sscm-media.oss-cn-guangzhou.aliyuncs.com/image/migrated/2863ca19bd9a9c17-asset-20260224195001-blfd5.png
法国,18,男,调酒师,asset-20260224195507-v692r,https://sscm-media.oss-cn-guangzhou.aliyuncs.com/image/migrated/f11c2fbf6728516f-asset-20260224195507-v692r.png
蒙古国,27,女,教师,asset-20260224200728-zl96m,https://sscm-media.oss-cn-guangzhou.aliyuncs.com/image/migrated/a22744cda326f305-asset-20260224200728-zl96m.png
越南,50,女,房产中介,asset-20260224201318-s9lr6,https://sscm-media.oss-cn-guangzhou.aliyuncs.com/image/migrated/86090caffb471fa6-asset-20260224201318-s9lr6.png
格陵兰,23,男,水产养殖员,asset-20260224201937-td9bf,https://sscm-media.oss-cn-guangzhou.aliyuncs.com/image/migrated/6c21945381c10c9f-asset-20260224201937-td9bf.png
蒙古国,33,男,程序员,asset-20260224202007-g8chl,https://sscm-media.oss-cn-guangzhou.aliyuncs.com/image/migrated/0741251000b72ead-asset-20260224202007-g8chl.png
哈萨克斯坦,34,女,婚礼策划师,asset-20260224201028-qp9hb,https://sscm-media.oss-cn-guangzhou.aliyuncs.com/image/migrated/234d6d7839adc411-asset-20260224201028-qp9hb.png
秘鲁,60,女,客服,asset-20260224203015-z7xp4,https://sscm-media.oss-cn-guangzhou.aliyuncs.com/image/migrated/85388f8a8b76c290-asset-20260224203015-z7xp4.png
埃塞俄比亚,42,女,农民,asset-20260224202904-c645g,https://sscm-media.oss-cn-guangzhou.aliyuncs.com/image/migrated/03067c15c49c20ba-asset-20260224202904-c645g.png
乌兹别克斯坦,34,女,美甲师,asset-20260224200749-v2rqc,https://sscm-media.oss-cn-guangzhou.aliyuncs.com/image/migrated/45225302cb5aff22-asset-20260224200749-v2rqc.png
斐济,41,男,教师,asset-20260224203409-wn4fp,https://sscm-media.oss-cn-guangzhou.aliyuncs.com/image/migrated/6f3729339451e9c2-asset-20260224203409-wn4fp.png
西班牙,44,男,茶艺师,asset-20260224200243-scqzp,https://sscm-media.oss-cn-guangzhou.aliyuncs.com/image/migrated/bd6dfaf9f9864d29-asset-20260224200243-scqzp.png
墨西哥,28,男,建筑师,asset-20260224195646-xnbwc,https://sscm-media.oss-cn-guangzhou.aliyuncs.com/image/migrated/c2f1307307a46d43-asset-20260224195646-xnbwc.png
澳大利亚,42,男,投资银行家/基金经理,asset-20260224203425-lz2pg,https://sscm-media.oss-cn-guangzhou.aliyuncs.com/image/migrated/7d16fb5f680104c2-asset-20260224203425-lz2pg.png
马里,51,男,作家,asset-20260224203345-p7gl5,https://sscm-media.oss-cn-guangzhou.aliyuncs.com/image/migrated/25580ff8e938839d-asset-20260224203345-p7gl5.png
泰国,32,女,服务员,asset-20260224200530-gcg7t,https://sscm-media.oss-cn-guangzhou.aliyuncs.com/image/migrated/1ce9cd59f21c16ac-asset-20260224200530-gcg7t.png
哈萨克斯坦,21,女,美甲师,asset-20260224201016-kkzrx,https://sscm-media.oss-cn-guangzhou.aliyuncs.com/image/migrated/5354cd89e656cf2c-asset-20260224201016-kkzrx.png
阿联酋,33,男,歌手,asset-20260224200015-796cx,https://sscm-media.oss-cn-guangzhou.aliyuncs.com/image/migrated/169d764df26acfe2-asset-20260224200015-796cx.png
克罗地亚,50,男,作家,asset-20260224200104-qjqvm,https://sscm-media.oss-cn-guangzhou.aliyuncs.com/image/migrated/6fe5cd68aaf17694-asset-20260224200104-qjqvm.png
尼泊尔,18,女,咖啡师,asset-20260224200409-8ms6n,https://sscm-media.oss-cn-guangzhou.aliyuncs.com/image/migrated/3f742bce926d9f56-asset-20260224200409-8ms6n.png
法国,42,女,空姐/空少,asset-20260224195052-tmwgq,https://sscm-media.oss-cn-guangzhou.aliyuncs.com/image/migrated/ba3b60c210df9f5f-asset-20260224195052-tmwgq.png
中国,29,男,企业家/CEO,asset-20260224202017-bvclp,https://sscm-media.oss-cn-guangzhou.aliyuncs.com/image/migrated/da5e807112fc6365-asset-20260224202017-bvclp.png
波兰,28,男,调酒师,asset-20260224195914-pdhrx,https://sscm-media.oss-cn-guangzhou.aliyuncs.com/image/migrated/8ff9d5379af44640-asset-20260224195914-pdhrx.png
菲律宾,26,男,修理工/水电工,asset-20260224201837-tckhh,https://sscm-media.oss-cn-guangzhou.aliyuncs.com/image/migrated/be15df5818ccc7ce-asset-20260224201837-tckhh.png
埃塞俄比亚,36,女,设计师,asset-20260224202819-9tm78,https://sscm-media.oss-cn-guangzhou.aliyuncs.com/image/migrated/c03831cb9b791fb8-asset-20260224202819-9tm78.png
法国,36,女,护士,asset-20260224195052-hpvwh,https://sscm-media.oss-cn-guangzhou.aliyuncs.com/image/migrated/9155198fd5ad9fcf-asset-20260224195052-hpvwh.png
罗马尼亚,20,女,外卖员,asset-20260224194844-sfj7p,https://sscm-media.oss-cn-guangzhou.aliyuncs.com/image/migrated/753e467b7092e8cd-asset-20260224194844-sfj7p.png
古巴,35,女,店员/收银员,asset-20260224194951-26cq8,https://sscm-media.oss-cn-guangzhou.aliyuncs.com/image/migrated/0d2be90f10e145e9-asset-20260224194951-26cq8.png
俄罗斯,42,女,宠物美容师,asset-20260224195217-wsbqd,https://sscm-media.oss-cn-guangzhou.aliyuncs.com/image/migrated/066a11b0e226736e-asset-20260224195217-wsbqd.png
阿根廷,23,女,公务员,asset-20260224200644-mrq96,https://sscm-media.oss-cn-guangzhou.aliyuncs.com/image/migrated/c30ef7b77afe6de6-asset-20260224200644-mrq96.png
泰国,44,男,银行柜员,asset-20260224202115-8mgsx,https://sscm-media.oss-cn-guangzhou.aliyuncs.com/image/migrated/69f538b581954901-asset-20260224202115-8mgsx.png
乌兹别克斯坦,19,男,农民,asset-20260224202000-f2dfr,https://sscm-media.oss-cn-guangzhou.aliyuncs.com/image/migrated/70050ca9b4efaf60-asset-20260224202000-f2dfr.png
中国,33,男,网红/主播,asset-20260224201953-mzmzn,https://sscm-media.oss-cn-guangzhou.aliyuncs.com/image/migrated/238a936bc79fe470-asset-20260224201953-mzmzn.png
中国,23,男,医生,asset-20260224201534-zh7sn,https://sscm-media.oss-cn-guangzhou.aliyuncs.com/image/migrated/7398bb7cedb3c843-asset-20260224201534-zh7sn.png
缅甸,42,女,记者/媒体人,asset-20260224201315-7wggh,https://sscm-media.oss-cn-guangzhou.aliyuncs.com/image/migrated/237dead10d9b8638-asset-20260224201315-7wggh.png
马来西亚,41,女,网红/主播,asset-20260224201046-phnx4,https://sscm-media.oss-cn-guangzhou.aliyuncs.com/image/migrated/60b506b9e9b3f89c-asset-20260224201046-phnx4.png
中国,26,男,外卖员,asset-20260224201804-5d99g,https://sscm-media.oss-cn-guangzhou.aliyuncs.com/image/migrated/f72518bf4a12631f-asset-20260224201804-5d99g.png
巴西,64,女,销售,asset-20260224202959-7pvzm,https://sscm-media.oss-cn-guangzhou.aliyuncs.com/image/migrated/f137c4b6f4272e70-asset-20260224202959-7pvzm.png
意大利,55,女,店员/收银员,asset-20260224195137-pww29,https://sscm-media.oss-cn-guangzhou.aliyuncs.com/image/migrated/17c4a9a12a1483d3-asset-20260224195137-pww29.png
菲律宾,45,女,调酒师,asset-20260224201241-x8mlv,https://sscm-media.oss-cn-guangzhou.aliyuncs.com/image/migrated/0ae2d1ab865e61a0-asset-20260224201241-x8mlv.png
吉尔吉斯斯坦,22,男,拉面师傅,asset-20260224201646-lq98g,https://sscm-media.oss-cn-guangzhou.aliyuncs.com/image/migrated/3afbfcdaa71be870-asset-20260224201646-lq98g.png
英国,25,男,屠夫,asset-20260224195549-cw658,https://sscm-media.oss-cn-guangzhou.aliyuncs.com/image/migrated/d380ea69d667180a-asset-20260224195549-cw658.png
缅甸,72,男,渔民,asset-20260224202223-b6n7b,https://sscm-media.oss-cn-guangzhou.aliyuncs.com/image/migrated/8a1cbaae93537f46-asset-20260224202223-b6n7b.png
泰国,41,女,美甲师,asset-20260224201342-2rj2f,https://sscm-media.oss-cn-guangzhou.aliyuncs.com/image/migrated/b39f2b9473666205-asset-20260224201342-2rj2f.png
中国,23,男,理发师,asset-20260224201953-sxgsd,https://sscm-media.oss-cn-guangzhou.aliyuncs.com/image/migrated/4ce654d68993c5e8-asset-20260224201953-sxgsd.png
阿根廷,33,女,记者/媒体人,asset-20260224194943-ktzvz,https://sscm-media.oss-cn-guangzhou.aliyuncs.com/image/migrated/cafd3b159f4213df-asset-20260224194943-ktzvz.png
尼日利亚,60,女,歌手,asset-20260224202948-nhkgl,https://sscm-media.oss-cn-guangzhou.aliyuncs.com/image/migrated/f332da94c69e6f5d-asset-20260224202948-nhkgl.png
哥伦比亚,27,女,公务员,asset-20260224194756-mdxlk,https://sscm-media.oss-cn-guangzhou.aliyuncs.com/image/migrated/6d4672ffcf18c099-asset-20260224194756-mdxlk.png
格鲁吉亚,32,男,公务员,asset-20260224195939-dzkss,https://sscm-media.oss-cn-guangzhou.aliyuncs.com/image/migrated/a29fd683d401ab38-asset-20260224195939-dzkss.png
中国,47,女,程序员,asset-20260224201128-zq4s2,https://sscm-media.oss-cn-guangzhou.aliyuncs.com/image/migrated/51780f88d8ccf3a1-asset-20260224201128-zq4s2.png
巴西,85,男,退休人员,asset-20260224200324-z7ng7,https://sscm-media.oss-cn-guangzhou.aliyuncs.com/image/migrated/984b8813c6cc3fa8-asset-20260224200324-z7ng7.png
津巴布韦,64,女,公务员,asset-20260224203005-p6c8v,https://sscm-media.oss-cn-guangzhou.aliyuncs.com/image/migrated/8df6f9777a3c00c2-asset-20260224203005-p6c8v.png
马来西亚,30,女,小贩/摊贩,asset-20260224200406-cd2p9,https://sscm-media.oss-cn-guangzhou.aliyuncs.com/image/migrated/c21264fd1dafabf1-asset-20260224200406-cd2p9.png
澳大利亚,51,女,房产中介,asset-20260224202907-s5cnk,https://sscm-media.oss-cn-guangzhou.aliyuncs.com/image/migrated/04bfd34b6ea16142-asset-20260224202907-s5cnk.png
中国,58,女,养蜂人,asset-20260224201411-gtm5x,https://sscm-media.oss-cn-guangzhou.aliyuncs.com/image/migrated/5882c87521cbe480-asset-20260224201411-gtm5x.png
澳大利亚,28,男,高铁乘务员,asset-20260224201928-v72lz,https://sscm-media.oss-cn-guangzhou.aliyuncs.com/image/migrated/29d2e5ecdddbba78-asset-20260224201928-v72lz.png
乌克兰,34,女,保洁员,asset-20260224195001-zw92b,https://sscm-media.oss-cn-guangzhou.aliyuncs.com/image/migrated/7d278d48538e974b-asset-20260224195001-zw92b.png
刚果（金）,41,男,搬运工,asset-20260224203408-9bnxp,https://sscm-media.oss-cn-guangzhou.aliyuncs.com/image/migrated/63e644105bea8633-asset-20260224203408-9bnxp.png
中国,37,男,作家,asset-20260224202058-pmxpt,https://sscm-media.oss-cn-guangzhou.aliyuncs.com/image/migrated/450569213e4d91dd-asset-20260224202058-pmxpt.png
埃塞俄比亚,69,男,服务员,asset-20260224203452-kg6mt,https://sscm-media.oss-cn-guangzhou.aliyuncs.com/image/migrated/b9aba838d1a93d33-asset-20260224203452-kg6mt.png
美国,18,男,司机/货车司机,asset-20260224195705-xz5pq,https://sscm-media.oss-cn-guangzhou.aliyuncs.com/image/migrated/aaaa7b22319adabd-asset-20260224195705-xz5pq.png
印度尼西亚,29,女,咖啡师,asset-20260224200353-t72rw,https://sscm-media.oss-cn-guangzhou.aliyuncs.com/image/migrated/f1b68fc51eeef83c-asset-20260224200353-t72rw.png
波兰,43,男,宠物美容师,asset-20260224200148-bjg7h,https://sscm-media.oss-cn-guangzhou.aliyuncs.com/image/migrated/f814dc1c173028b7-asset-20260224200148-bjg7h.png
美国,26,女,客服,asset-20260224202425-x5r6x,https://sscm-media.oss-cn-guangzhou.aliyuncs.com/image/migrated/61c28786a1890ffd-asset-20260224202425-x5r6x.png
俄罗斯,59,男,环卫工人,asset-20260224200258-6gdz4,https://sscm-media.oss-cn-guangzhou.aliyuncs.com/image/migrated/c3b97c06dee648b6-asset-20260224200258-6gdz4.png
挪威,36,女,店员/收银员,asset-20260224195204-b4cdn,https://sscm-media.oss-cn-guangzhou.aliyuncs.com/image/migrated/15e032c86b85f515-asset-20260224195204-b4cdn.png
尼泊尔,21,男,调酒师,asset-20260224201941-vkrwl,https://sscm-media.oss-cn-guangzhou.aliyuncs.com/image/migrated/311b1582d20cf5d5-asset-20260224201941-vkrwl.png
古巴,63,女,农民,asset-20260224203005-jqd7w,https://sscm-media.oss-cn-guangzhou.aliyuncs.com/image/migrated/45bae5faffaa4877-asset-20260224203005-jqd7w.png
菲律宾,48,男,药剂师,asset-20260224202137-xvg9k,https://sscm-media.oss-cn-guangzhou.aliyuncs.com/image/migrated/281cfff6f08ac263-asset-20260224202137-xvg9k.png
巴西,51,女,公务员,asset-20260224195334-z65k5,https://sscm-media.oss-cn-guangzhou.aliyuncs.com/image/migrated/854a1ac48cc9f6b9-asset-20260224195334-z65k5.png
埃塞俄比亚,56,男,外科医生,asset-20260224203455-crqh2,https://sscm-media.oss-cn-guangzhou.aliyuncs.com/image/migrated/d24afaa6c52c56f4-asset-20260224203455-crqh2.png
印度尼西亚,56,女,心理咨询师,asset-20260224201435-kqrvw,https://sscm-media.oss-cn-guangzhou.aliyuncs.com/image/migrated/70147b61e8276a15-asset-20260224201435-kqrvw.png
印度尼西亚,31,女,房产中介,asset-20260224200629-9f4m5,https://sscm-media.oss-cn-guangzhou.aliyuncs.com/image/migrated/f46113bbfbd1aa9b-asset-20260224200629-9f4m5.png
不丹,44,女,外贸业务员,asset-20260224201231-f2gm2,https://sscm-media.oss-cn-guangzhou.aliyuncs.com/image/migrated/50b397a1e26138ea-asset-20260224201231-f2gm2.png
墨西哥,42,男,投资银行家/基金经理,asset-20260224200227-7sb8p,https://sscm-media.oss-cn-guangzhou.aliyuncs.com/image/migrated/0ac951860ef12f6c-asset-20260224200227-7sb8p.png
菲律宾,34,女,公务员,asset-20260224200515-w2lfk,https://sscm-media.oss-cn-guangzhou.aliyuncs.com/image/migrated/04675220617bcab8-asset-20260224200515-w2lfk.png
中国,49,女,程序员,asset-20260224201309-q9ftl,https://sscm-media.oss-cn-guangzhou.aliyuncs.com/image/migrated/ab06717b3ff0c90c-asset-20260224201309-q9ftl.png
秘鲁,31,女,教师,asset-20260224200606-zx4bz,https://sscm-media.oss-cn-guangzhou.aliyuncs.com/image/migrated/9e8a859b5f3eadb3-asset-20260224200606-zx4bz.png
意大利,30,女,会计,asset-20260224194805-84h5q,https://sscm-media.oss-cn-guangzhou.aliyuncs.com/image/migrated/e074a87511cdcd8e-asset-20260224194805-84h5q.png
奥地利,20,女,理发师,asset-20260224194620-5w8vc,https://sscm-media.oss-cn-guangzhou.aliyuncs.com/image/migrated/e8dfc4c06a504df3-asset-20260224194620-5w8vc.png
中国,39,女,地铁工作人员,asset-20260224201146-q7bp6,https://sscm-media.oss-cn-guangzhou.aliyuncs.com/image/migrated/0c1c7e61405c155f-asset-20260224201146-q7bp6.png
巴西,22,女,记者/媒体人,asset-20260224202640-jbdft,https://sscm-media.oss-cn-guangzhou.aliyuncs.com/image/migrated/464efc7c00b4ae61-asset-20260224202640-jbdft.png
吉尔吉斯斯坦,55,女,健身教练,asset-20260224201326-fjq5m,https://sscm-media.oss-cn-guangzhou.aliyuncs.com/image/migrated/823edc8fd125123a-asset-20260224201326-fjq5m.png
中国,34,男,矿工,asset-20260224201750-nnwvp,https://sscm-media.oss-cn-guangzhou.aliyuncs.com/image/migrated/1bfed5df94d1010c-asset-20260224201750-nnwvp.png
印度尼西亚,25,男,健身教练,asset-20260224201728-gl9m5,https://sscm-media.oss-cn-guangzhou.aliyuncs.com/image/migrated/a7c801eded3298f2-asset-20260224201728-gl9m5.png
巴西,38,女,司机/货车司机,asset-20260224202722-7djhc,https://sscm-media.oss-cn-guangzhou.aliyuncs.com/image/migrated/9500b528c03a3a4a-asset-20260224202722-7djhc.png
西班牙,32,男,调酒师,asset-20260224200013-mskhg,https://sscm-media.oss-cn-guangzhou.aliyuncs.com/image/migrated/d358198616ab1a2b-asset-20260224200013-mskhg.png
越南,30,男,环卫工人,asset-20260224201717-czgjt,https://sscm-media.oss-cn-guangzhou.aliyuncs.com/image/migrated/bbac9b3e2b6d1ac3-asset-20260224201717-czgjt.png
韩国,30,男,西餐厨师/糕点师,asset-20260224201822-brgm4,https://sscm-media.oss-cn-guangzhou.aliyuncs.com/image/migrated/131f16d90486bdb8-asset-20260224201822-brgm4.png
汤加,24,女,保险业务员,asset-20260224200737-bn9r4,https://sscm-media.oss-cn-guangzhou.aliyuncs.com/image/migrated/32b8da87a0daa3a0-asset-20260224200737-bn9r4.png
格陵兰,47,女,幼师,asset-20260224201331-28nhd,https://sscm-media.oss-cn-guangzhou.aliyuncs.com/image/migrated/f34e9afc77f0e3e2-asset-20260224201331-28nhd.png
克罗地亚,30,男,健身教练,asset-20260224195753-lqml8,https://sscm-media.oss-cn-guangzhou.aliyuncs.com/image/migrated/9a2ce470cbab3f77-asset-20260224195753-lqml8.png
中国,39,女,牙医,asset-20260224201139-d7lwz,https://sscm-media.oss-cn-guangzhou.aliyuncs.com/image/migrated/8e70dd7d7fb22bbf-asset-20260224201139-d7lwz.png
墨西哥,35,女,科学家/研究员,asset-20260224194811-pb246,https://sscm-media.oss-cn-guangzhou.aliyuncs.com/image/migrated/e41b6e9d34ddd8db-asset-20260224194811-pb246.png
西班牙,34,女,店员/收银员,asset-20260224194836-lzxh5,https://sscm-media.oss-cn-guangzhou.aliyuncs.com/image/migrated/cc97649a31153692-asset-20260224194836-lzxh5.png
孟加拉国,19,女,幼师,asset-20260224195031-jhjdb,https://sscm-media.oss-cn-guangzhou.aliyuncs.com/image/migrated/93a376d6129d2dae-asset-20260224195031-jhjdb.png
中国,22,男,建筑师,asset-20260224201718-mz8bc,https://sscm-media.oss-cn-guangzhou.aliyuncs.com/image/migrated/827d75cd9731d3c6-asset-20260224201718-mz8bc.png
厄瓜多尔,20,女,护工/家政工,asset-20260224194413-xgvlv,https://sscm-media.oss-cn-guangzhou.aliyuncs.com/image/migrated/ac9176fdf73801d8-asset-20260224194413-xgvlv.png
意大利,31,女,银行柜员,asset-20260224194927-kg7vv,https://sscm-media.oss-cn-guangzhou.aliyuncs.com/image/migrated/9931903796a8b6e2-asset-20260224194927-kg7vv.png
博茨瓦纳,49,男,搬运工,asset-20260224203351-qdtkd,https://sscm-media.oss-cn-guangzhou.aliyuncs.com/image/migrated/cc23f399ffc8c06c-asset-20260224203351-qdtkd.png
德国,70,男,养蜂人,asset-20260224200246-gt8wl,https://sscm-media.oss-cn-guangzhou.aliyuncs.com/image/migrated/8846a9b562a47760-asset-20260224200246-gt8wl.png
荷兰,59,女,房产中介,asset-20260224202959-v2ngq,https://sscm-media.oss-cn-guangzhou.aliyuncs.com/image/migrated/c2f03eccd03cf54a-asset-20260224202959-v2ngq.png
埃塞俄比亚,20,女,瑜伽/普拉提教练,asset-20260224202438-sdhph,https://sscm-media.oss-cn-guangzhou.aliyuncs.com/image/migrated/e4494cc9fe815aed-asset-20260224202438-sdhph.png
荷兰,32,男,婚礼策划师,asset-20260224203301-n4cq2,https://sscm-media.oss-cn-guangzhou.aliyuncs.com/image/migrated/9acca675bba834f5-asset-20260224203301-n4cq2.png
韩国,55,女,护工/家政工,asset-20260224201356-bhdqt,https://sscm-media.oss-cn-guangzhou.aliyuncs.com/image/migrated/605a2c6e20d03314-asset-20260224201356-bhdqt.png
中国,22,男,地铁工作人员,asset-20260224201850-slm5d,https://sscm-media.oss-cn-guangzhou.aliyuncs.com/image/migrated/c6782f7cdbf73a9d-asset-20260224201850-slm5d.png
瑞典,50,男,歌手,asset-20260224200110-67nzn,https://sscm-media.oss-cn-guangzhou.aliyuncs.com/image/migrated/c1288c5f44d4f35d-asset-20260224200110-67nzn.png
阿联酋,25,男,歌手,asset-20260224195720-szbfm,https://sscm-media.oss-cn-guangzhou.aliyuncs.com/image/migrated/a0f85d8fcb928479-asset-20260224195720-szbfm.png
乌拉圭,65,女,小贩/摊贩,asset-20260224195422-zsjkv,https://sscm-media.oss-cn-guangzhou.aliyuncs.com/image/migrated/71c89672e0d4c5f1-asset-20260224195422-zsjkv.png
马达加斯加,18,女,店员/收银员,asset-20260224202338-2ltll,https://sscm-media.oss-cn-guangzhou.aliyuncs.com/image/migrated/fa92fd58527e7d52-asset-20260224202338-2ltll.png
海地,43,女,宠物美容师,asset-20260224202821-dp2mg,https://sscm-media.oss-cn-guangzhou.aliyuncs.com/image/migrated/3508fcbb9af0339d-asset-20260224202821-dp2mg.png
中国,53,男,渔民,asset-20260224202037-48qgn,https://sscm-media.oss-cn-guangzhou.aliyuncs.com/image/migrated/f0a2ffb7724f89a1-asset-20260224202037-48qgn.png
匈牙利,21,女,客服,asset-20260224194832-mn6zt,https://sscm-media.oss-cn-guangzhou.aliyuncs.com/image/migrated/7cc323f6e4f3435b-asset-20260224194832-mn6zt.png
蒙古国,45,女,瑜伽/普拉提教练,asset-20260224201158-crf2n,https://sscm-media.oss-cn-guangzhou.aliyuncs.com/image/migrated/2b958d7562d312e2-asset-20260224201158-crf2n.png
中国,37,女,美甲师,asset-20260224201400-z7sgb,https://sscm-media.oss-cn-guangzhou.aliyuncs.com/image/migrated/a2ebeb92be5cb132-asset-20260224201400-z7sgb.png
西班牙,25,女,教师,asset-20260224194752-tff7z,https://sscm-media.oss-cn-guangzhou.aliyuncs.com/image/migrated/f104a112cc3ee82b-asset-20260224194752-tff7z.png
法国,23,男,歌手,asset-20260224195949-84cc6,https://sscm-media.oss-cn-guangzhou.aliyuncs.com/image/migrated/7d099597e5106cd5-asset-20260224195949-84cc6.png
中国,31,男,医生,asset-20260224201739-6kmfh,https://sscm-media.oss-cn-guangzhou.aliyuncs.com/image/migrated/c665263c1afc2f11-asset-20260224201739-6kmfh.png
尼泊尔,29,女,空姐/空少,asset-20260224200900-8d56n,https://sscm-media.oss-cn-guangzhou.aliyuncs.com/image/migrated/a533d156e1c1e451-asset-20260224200900-8d56n.png
尼泊尔,19,女,健身教练,asset-20260224200954-mzvjx,https://sscm-media.oss-cn-guangzhou.aliyuncs.com/image/migrated/6ce86b80de3c4f64-asset-20260224200954-mzvjx.png
丹麦,99,男,退休人员,asset-20260224200334-dgcq2,https://sscm-media.oss-cn-guangzhou.aliyuncs.com/image/migrated/0b0f466a086b5417-asset-20260224200334-dgcq2.png
秘鲁,38,男,销售,asset-20260224203421-s7bf4,https://sscm-media.oss-cn-guangzhou.aliyuncs.com/image/migrated/6d5ca532572219e8-asset-20260224203421-s7bf4.png
中国,34,女,幼师,asset-20260224200338-mt6j8,https://sscm-media.oss-cn-guangzhou.aliyuncs.com/image/migrated/23aeb059640a06a2-asset-20260224200338-mt6j8.png
乌兹别克斯坦,80,男,退休人员,asset-20260224202240-s858n,https://sscm-media.oss-cn-guangzhou.aliyuncs.com/image/migrated/833d42fadb915220-asset-20260224202240-s858n.png
意大利,51,男,银行柜员,asset-20260224200116-qsnls,https://sscm-media.oss-cn-guangzhou.aliyuncs.com/image/migrated/b41bb5d60f5f4ff7-asset-20260224200116-qsnls.png
爱尔兰,57,女,茶艺师,asset-20260224195420-7blrj,https://sscm-media.oss-cn-guangzhou.aliyuncs.com/image/migrated/07354af8c2ac9f59-asset-20260224195420-7blrj.png
中国,34,男,调酒师,asset-20260224201756-f78xj,https://sscm-media.oss-cn-guangzhou.aliyuncs.com/image/migrated/e09ae8c2e0b8eb18-asset-20260224201756-f78xj.png
挪威,19,女,店员/收银员,asset-20260224194724-9s44q,https://sscm-media.oss-cn-guangzhou.aliyuncs.com/image/migrated/7ac8f8e7007aa524-asset-20260224194724-9s44q.png
韩国,34,女,收纳整理师,asset-20260224200611-hr6bt,https://sscm-media.oss-cn-guangzhou.aliyuncs.com/image/migrated/5600ca84b6e59241-asset-20260224200611-hr6bt.png
马达加斯加,45,女,调酒师,asset-20260224202720-kjjmh,https://sscm-media.oss-cn-guangzhou.aliyuncs.com/image/migrated/afc07dbabf3f6997-asset-20260224202720-kjjmh.png
斯里兰卡,44,男,保安,asset-20260224200059-68zhh,https://sscm-media.oss-cn-guangzhou.aliyuncs.com/image/migrated/cc1eac9e977136e5-asset-20260224200059-68zhh.png
哈萨克斯坦,44,男,电焊工,asset-20260224202108-8v924,https://sscm-media.oss-cn-guangzhou.aliyuncs.com/image/migrated/eb65bf9b695825e7-asset-20260224202108-8v924.png
瑞典,52,女,心理咨询师,asset-20260224195200-mlgcn,https://sscm-media.oss-cn-guangzhou.aliyuncs.com/image/migrated/22ed7b268aa8bb5d-asset-20260224195200-mlgcn.png
日本,86,男,退休人员,asset-20260224202251-f7qmm,https://sscm-media.oss-cn-guangzhou.aliyuncs.com/image/migrated/eb81f0d629a804d1-asset-20260224202251-f7qmm.png
哈萨克斯坦,25,女,护士,asset-20260224200826-vttb9,https://sscm-media.oss-cn-guangzhou.aliyuncs.com/image/migrated/7ce4e731ff5a25a4-asset-20260224200826-vttb9.png
坦桑尼亚,21,男,农民,asset-20260224203150-rbh6g,https://sscm-media.oss-cn-guangzhou.aliyuncs.com/image/migrated/4bbc6c20ecd1d657-asset-20260224203150-rbh6g.png
中国,25,男,司机/货车司机,asset-20260224201936-5lxpt,https://sscm-media.oss-cn-guangzhou.aliyuncs.com/image/migrated/607ec43fb2f8c482-asset-20260224201936-5lxpt.png
波兰,18,女,客服,asset-20260224194733-dnsrd,https://sscm-media.oss-cn-guangzhou.aliyuncs.com/image/migrated/f5b5d26e81bbcc6d-asset-20260224194733-dnsrd.png
法国,34,女,会计,asset-20260224194841-tqk58,https://sscm-media.oss-cn-guangzhou.aliyuncs.com/image/migrated/ea504ce115c7ac7e-asset-20260224194841-tqk58.png
美国,31,男,电竞选手,asset-20260224195910-cxz66,https://sscm-media.oss-cn-guangzhou.aliyuncs.com/image/migrated/b3ff42c92273d275-asset-20260224195910-cxz66.png
日本,53,女,医生,asset-20260224201101-mtsn4,https://sscm-media.oss-cn-guangzhou.aliyuncs.com/image/migrated/42a4a76bb8af6d3c-asset-20260224201101-mtsn4.png
哥伦比亚,34,女,银行柜员,asset-20260224194601-kj54c,https://sscm-media.oss-cn-guangzhou.aliyuncs.com/image/migrated/2ae1e0c4d5ce9b03-asset-20260224194601-kj54c.png
意大利,32,女,调酒师,asset-20260224194815-xr7hw,https://sscm-media.oss-cn-guangzhou.aliyuncs.com/image/migrated/77eb18821a97e827-asset-20260224194815-xr7hw.png
中国,35,女,司机/货车司机,asset-20260224200949-ttg7q,https://sscm-media.oss-cn-guangzhou.aliyuncs.com/image/migrated/0bc3a4cc12f8b417-asset-20260224200949-ttg7q.png
泰国,28,女,地铁工作人员,asset-20260224200443-6l9kh,https://sscm-media.oss-cn-guangzhou.aliyuncs.com/image/migrated/6246b23813276450-asset-20260224200443-6l9kh.png
巴西,37,女,销售,asset-20260224195243-xwhj2,https://sscm-media.oss-cn-guangzhou.aliyuncs.com/image/migrated/eee53c6fe88b2877-asset-20260224195243-xwhj2.png
中国,29,女,理发师,asset-20260224201010-hd5th,https://sscm-media.oss-cn-guangzhou.aliyuncs.com/image/migrated/f5040d76cf41188f-asset-20260224201010-hd5th.png
中国,52,男,企业家/CEO,asset-20260224202139-g82kk,https://sscm-media.oss-cn-guangzhou.aliyuncs.com/image/migrated/6573f6ed245c6f61-asset-20260224202139-g82kk.png
中国,27,男,拉面师傅,asset-20260224201601-whn57,https://sscm-media.oss-cn-guangzhou.aliyuncs.com/image/migrated/bbca53bdbc8cfc67-asset-20260224201601-whn57.png
美国,40,男,建筑师,asset-20260224200150-ttz47,https://sscm-media.oss-cn-guangzhou.aliyuncs.com/image/migrated/cef8788938bf3f24-asset-20260224200150-ttz47.png
肯尼亚,48,女,文员/行政,asset-20260224202904-w8x6f,https://sscm-media.oss-cn-guangzhou.aliyuncs.com/image/migrated/ac6ea7d9ec821c0d-asset-20260224202904-w8x6f.png
格鲁吉亚,25,女,客服,asset-20260224194906-wgw8p,https://sscm-media.oss-cn-guangzhou.aliyuncs.com/image/migrated/f648608e70dc8a6d-asset-20260224194906-wgw8p.png
中国,32,女,茶艺师,asset-20260224200545-7gbtf,https://sscm-media.oss-cn-guangzhou.aliyuncs.com/image/migrated/eb7a8fad805ef178-asset-20260224200545-7gbtf.png
津巴布韦,26,女,销售,asset-20260224202430-tzg2p,https://sscm-media.oss-cn-guangzhou.aliyuncs.com/image/migrated/bcacb3ab2989d18c-asset-20260224202430-tzg2p.png
美国,28,女,会计,asset-20260224202556-8f5kv,https://sscm-media.oss-cn-guangzhou.aliyuncs.com/image/migrated/8090461a62f53cf9-asset-20260224202556-8f5kv.png
巴基斯坦,23,男,地铁工作人员,asset-20260224195801-27q7v,https://sscm-media.oss-cn-guangzhou.aliyuncs.com/image/migrated/605a36447a416745-asset-20260224195801-27q7v.png
阿塞拜疆,39,女,教师,asset-20260224195037-wj7wn,https://sscm-media.oss-cn-guangzhou.aliyuncs.com/image/migrated/e14f3552ebfc5b5b-asset-20260224195037-wj7wn.png
玻利维亚,22,女,歌手,asset-20260224201045-94b5x,https://sscm-media.oss-cn-guangzhou.aliyuncs.com/image/migrated/36eec54c1944daa4-asset-20260224201045-94b5x.png
美国,28,女,茶艺师,asset-20260224202653-s6rjq,https://sscm-media.oss-cn-guangzhou.aliyuncs.com/image/migrated/c4fee6fe80d4d499-asset-20260224202653-s6rjq.png
阿根廷,60,女,设计师,asset-20260224195413-6xdhw,https://sscm-media.oss-cn-guangzhou.aliyuncs.com/image/migrated/4ff87fc3cf3a5a8d-asset-20260224195413-6xdhw.png
荷兰,44,男,程序员,asset-20260224200035-2f2rk,https://sscm-media.oss-cn-guangzhou.aliyuncs.com/image/migrated/839b163629a4c3d5-asset-20260224200035-2f2rk.png
中国,32,男,外科医生,asset-20260224201844-b6mjx,https://sscm-media.oss-cn-guangzhou.aliyuncs.com/image/migrated/36e5a7f723e172a4-asset-20260224201844-b6mjx.png
巴基斯坦,39,男,司机/货车司机,asset-20260224200151-cq27x,https://sscm-media.oss-cn-guangzhou.aliyuncs.com/image/migrated/1416edd1a9218402-asset-20260224200151-cq27x.png
中国,31,女,茶艺师,asset-20260224200946-fv5zz,https://sscm-media.oss-cn-guangzhou.aliyuncs.com/image/migrated/c50628c5c29fc770-asset-20260224200946-fv5zz.png
泰国,18,男,摄影师,asset-20260224201643-tzxls,https://sscm-media.oss-cn-guangzhou.aliyuncs.com/image/migrated/9962b4ffc4aadb7e-asset-20260224201643-tzxls.png
乌克兰,23,女,文员/行政,asset-20260224194548-xmdvf,https://sscm-media.oss-cn-guangzhou.aliyuncs.com/image/migrated/9edc5ae3cb5a6394-asset-20260224194548-xmdvf.png
巴布亚新几内亚,47,男,司机/货车司机,asset-20260224203344-4z6zh,https://sscm-media.oss-cn-guangzhou.aliyuncs.com/image/migrated/4a3361dca9bc22d8-asset-20260224203344-4z6zh.png
中国,21,男,宠物美容师,asset-20260224201838-bxllr,https://sscm-media.oss-cn-guangzhou.aliyuncs.com/image/migrated/8878d88e353ccaa9-asset-20260224201838-bxllr.png
尼泊尔,37,男,客服,asset-20260224202212-zvznd,https://sscm-media.oss-cn-guangzhou.aliyuncs.com/image/migrated/8b61e54c3088a3b3-asset-20260224202212-zvznd.png
新西兰,25,女,文员/行政,asset-20260224200919-vn5jv,https://sscm-media.oss-cn-guangzhou.aliyuncs.com/image/migrated/0569969687469e19-asset-20260224200919-vn5jv.png
塞尔维亚,22,女,牙医,asset-20260224194524-2z4tb,https://sscm-media.oss-cn-guangzhou.aliyuncs.com/image/migrated/0df461f309e3e9d4-asset-20260224194524-2z4tb.png
菲律宾,23,男,医生,asset-20260224201608-nr5rc,https://sscm-media.oss-cn-guangzhou.aliyuncs.com/image/migrated/cc25203aa0ecdc95-asset-20260224201608-nr5rc.png
中国,30,男,模特,asset-20260224202024-ck4h5,https://sscm-media.oss-cn-guangzhou.aliyuncs.com/image/migrated/9e1635ffc207cd0d-asset-20260224202024-ck4h5.png
马来西亚,22,男,外卖员,asset-20260224201850-4754b,https://sscm-media.oss-cn-guangzhou.aliyuncs.com/image/migrated/65cc20cfcf53b392-asset-20260224201850-4754b.png
巴基斯坦,48,男,司机/货车司机,asset-20260224200216-k7w62,https://sscm-media.oss-cn-guangzhou.aliyuncs.com/image/migrated/e6c55de3653a0105-asset-20260224200216-k7w62.png
厄瓜多尔,34,男,司机/货车司机,asset-20260224195614-v79hc,https://sscm-media.oss-cn-guangzhou.aliyuncs.com/image/migrated/e8f086056c689438-asset-20260224195614-v79hc.png
南非,50,女,会计,asset-20260224202920-cj54g,https://sscm-media.oss-cn-guangzhou.aliyuncs.com/image/migrated/84b998cfdb5e7090-asset-20260224202920-cj54g.png
英国,30,男,文员/行政,asset-20260224195958-plvz6,https://sscm-media.oss-cn-guangzhou.aliyuncs.com/image/migrated/e4dc6d5d91fdb651-asset-20260224195958-plvz6.png
哈萨克斯坦,43,女,客服,asset-20260224201255-jnqql,https://sscm-media.oss-cn-guangzhou.aliyuncs.com/image/migrated/bdf984ac6bfb200e-asset-20260224201255-jnqql.png
丹麦,18,女,保洁员,asset-20260224194553-52szs,https://sscm-media.oss-cn-guangzhou.aliyuncs.com/image/migrated/5e78d4bcd68bfb6f-asset-20260224194553-52szs.png
印度尼西亚,20,女,网约车司机,asset-20260224200346-8x4lr,https://sscm-media.oss-cn-guangzhou.aliyuncs.com/image/migrated/a626ef36195d9860-asset-20260224200346-8x4lr.png
加拿大,30,女,会计,asset-20260224194613-62btq,https://sscm-media.oss-cn-guangzhou.aliyuncs.com/image/migrated/9a8e3a1ec5638a7d-asset-20260224194613-62btq.png
美国,36,女,果农,asset-20260224195339-bctsw,https://sscm-media.oss-cn-guangzhou.aliyuncs.com/image/migrated/333d5f611297eb19-asset-20260224195339-bctsw.png
英国,53,女,服务员,asset-20260224195302-sfhsf,https://sscm-media.oss-cn-guangzhou.aliyuncs.com/image/migrated/b97b9116f1e438c6-asset-20260224195302-sfhsf.png
秘鲁,63,女,火锅店员工,asset-20260224201443-srzpc,https://sscm-media.oss-cn-guangzhou.aliyuncs.com/image/migrated/1888b2fccd5ea29e-asset-20260224201443-srzpc.png
法国,31,男,企业家/CEO,asset-20260224195953-n87wm,https://sscm-media.oss-cn-guangzhou.aliyuncs.com/image/migrated/6795e9ca42cfe57d-asset-20260224195953-n87wm.png
吉尔吉斯斯坦,45,女,保险业务员,asset-20260224201337-7v465,https://sscm-media.oss-cn-guangzhou.aliyuncs.com/image/migrated/16666b744b0a0ed9-asset-20260224201337-7v465.png
韩国,46,男,销售,asset-20260224202139-gn2dw,https://sscm-media.oss-cn-guangzhou.aliyuncs.com/image/migrated/2d1b481a3cdf5ebe-asset-20260224202139-gn2dw.png
斐济,18,男,电竞选手,asset-20260224195943-2jp2c,https://sscm-media.oss-cn-guangzhou.aliyuncs.com/image/migrated/c1b50abe0064f4d0-asset-20260224195943-2jp2c.png
中国,31,女,高铁乘务员,asset-20260224200625-ng6dr,https://sscm-media.oss-cn-guangzhou.aliyuncs.com/image/migrated/04ddb4c4e0b56755-asset-20260224200625-ng6dr.png
印度尼西亚,39,男,工厂工人,asset-20260224202048-rhdfk,https://sscm-media.oss-cn-guangzhou.aliyuncs.com/image/migrated/58de214676c8074c-asset-20260224202048-rhdfk.png
印度,53,男,水产养殖员,asset-20260224200210-8ck78,https://sscm-media.oss-cn-guangzhou.aliyuncs.com/image/migrated/5db171586326d178-asset-20260224200210-8ck78.png
中国,29,男,西餐厨师/糕点师,asset-20260224201916-cskjd,https://sscm-media.oss-cn-guangzhou.aliyuncs.com/image/migrated/59e11baa90f6c081-asset-20260224201916-cskjd.png
中国,38,女,会计,asset-20260224201345-cv2gk,https://sscm-media.oss-cn-guangzhou.aliyuncs.com/image/migrated/57abd14da062e037-asset-20260224201345-cv2gk.png
奥地利,48,男,房产中介,asset-20260224200245-2c59k,https://sscm-media.oss-cn-guangzhou.aliyuncs.com/image/migrated/ba63af26cb7f876b-asset-20260224200245-2c59k.png
西班牙,63,女,律师,asset-20260224195425-7844d,https://sscm-media.oss-cn-guangzhou.aliyuncs.com/image/migrated/20108c49a4c0534f-asset-20260224195425-7844d.png
马里,85,男,退休人员,asset-20260224203508-5tvkv,https://sscm-media.oss-cn-guangzhou.aliyuncs.com/image/migrated/3f8fef76f0c76b76-asset-20260224203508-5tvkv.png
亚美尼亚,23,女,企业家/CEO,asset-20260224194722-jdh2f,https://sscm-media.oss-cn-guangzhou.aliyuncs.com/image/migrated/85d95e5328f67379-asset-20260224194722-jdh2f.png
中国,77,女,退休人员,asset-20260224201501-ljrww,https://sscm-media.oss-cn-guangzhou.aliyuncs.com/image/migrated/8a44f986b35fb24b-asset-20260224201501-ljrww.png
中国,61,男,程序员,asset-20260224202219-c5swl,https://sscm-media.oss-cn-guangzhou.aliyuncs.com/image/migrated/97e1679cfbdb105b-asset-20260224202219-c5swl.png
乌兹别克斯坦,34,男,作家,asset-20260224201817-jglw9,https://sscm-media.oss-cn-guangzhou.aliyuncs.com/image/migrated/bbf0786ada398a01-asset-20260224201817-jglw9.png
尼泊尔,42,女,护工/家政工,asset-20260224201333-ldxvg,https://sscm-media.oss-cn-guangzhou.aliyuncs.com/image/migrated/2ca895064758be9d-asset-20260224201333-ldxvg.png
奥地利,21,男,农民,asset-20260224195930-dh27g,https://sscm-media.oss-cn-guangzhou.aliyuncs.com/image/migrated/9b3090375f0a23ca-asset-20260224195930-dh27g.png
泰国,30,女,服务员,asset-20260224200545-jwsb6,https://sscm-media.oss-cn-guangzhou.aliyuncs.com/image/migrated/d922be6116d35b09-asset-20260224200545-jwsb6.png
孟加拉国,24,女,外贸业务员,asset-20260224194849-kfgtr,https://sscm-media.oss-cn-guangzhou.aliyuncs.com/image/migrated/183bfd4c89349aa7-asset-20260224194849-kfgtr.png
土耳其,31,女,文员/行政,asset-20260224194716-tvhpt,https://sscm-media.oss-cn-guangzhou.aliyuncs.com/image/migrated/689406fa80b00adf-asset-20260224194716-tvhpt.png
越南,34,男,地铁工作人员,asset-20260224201700-xdt2j,https://sscm-media.oss-cn-guangzhou.aliyuncs.com/image/migrated/80cb574d95e6edc5-asset-20260224201700-xdt2j.png
美国,39,男,外卖员,asset-20260224203357-kgcw4,https://sscm-media.oss-cn-guangzhou.aliyuncs.com/image/migrated/fc2d1e7f39f8e932-asset-20260224203357-kgcw4.png
墨西哥,52,男,建筑师,asset-20260224200052-wfxvg,https://sscm-media.oss-cn-guangzhou.aliyuncs.com/image/migrated/af27f5141b091287-asset-20260224200052-wfxvg.png
巴西,44,女,护工/家政工,asset-20260224202827-q6wm9,https://sscm-media.oss-cn-guangzhou.aliyuncs.com/image/migrated/20525ce709deef50-asset-20260224202827-q6wm9.png
菲律宾,52,女,大学教授,asset-20260224201214-5st2s,https://sscm-media.oss-cn-guangzhou.aliyuncs.com/image/migrated/78d7ef11f96b738c-asset-20260224201214-5st2s.png
西班牙,42,男,画家/艺术家,asset-20260224200037-bqf72,https://sscm-media.oss-cn-guangzhou.aliyuncs.com/image/migrated/f17e14232b500c68-asset-20260224200037-bqf72.png
中国,35,女,画家/艺术家,asset-20260224201025-5vbz5,https://sscm-media.oss-cn-guangzhou.aliyuncs.com/image/migrated/80ca423cdf1fd592-asset-20260224201025-5vbz5.png
英国,22,女,文员/行政,asset-20260224202557-4bbrb,https://sscm-media.oss-cn-guangzhou.aliyuncs.com/image/migrated/8effb98088f4799a-asset-20260224202557-4bbrb.png
西班牙,33,女,农业专家,asset-20260224194715-z7rh4,https://sscm-media.oss-cn-guangzhou.aliyuncs.com/image/migrated/4568ad246ec55140-asset-20260224194715-z7rh4.png
意大利,63,男,多肉/花卉种植员,asset-20260224200246-rf48p,https://sscm-media.oss-cn-guangzhou.aliyuncs.com/image/migrated/d4533f0c753a21ad-asset-20260224200246-rf48p.png
牙买加,52,男,程序员,asset-20260224203426-h6bdd,https://sscm-media.oss-cn-guangzhou.aliyuncs.com/image/migrated/5466400947f52423-asset-20260224203426-h6bdd.png
南非,21,男,作家,asset-20260224203201-nv7lg,https://sscm-media.oss-cn-guangzhou.aliyuncs.com/image/migrated/5d72a16c53af34dd-asset-20260224203201-nv7lg.png
中国,23,女,文员/行政,asset-20260224200605-88q2x,https://sscm-media.oss-cn-guangzhou.aliyuncs.com/image/migrated/5215083bc871fcf6-asset-20260224200605-88q2x.png
美国,51,男,农民,asset-20260224200228-2ngf5,https://sscm-media.oss-cn-guangzhou.aliyuncs.com/image/migrated/5309ba6768bf3106-asset-20260224200228-2ngf5.png
巴西,26,男,火锅店员工,asset-20260224195804-fbk2v,https://sscm-media.oss-cn-guangzhou.aliyuncs.com/image/migrated/9a605c5ab090c27e-asset-20260224195804-fbk2v.png
墨西哥,29,女,高铁乘务员,asset-20260224194510-49sm6,https://sscm-media.oss-cn-guangzhou.aliyuncs.com/image/migrated/667ad3373a68f5e4-asset-20260224194510-49sm6.png
沙特阿拉伯,24,女,歌手,asset-20260224194956-mb9f4,https://sscm-media.oss-cn-guangzhou.aliyuncs.com/image/migrated/d8787b2679d99d66-asset-20260224194956-mb9f4.png
中国,29,男,销售,asset-20260224201857-82ftd,https://sscm-media.oss-cn-guangzhou.aliyuncs.com/image/migrated/a9d4c90e192498a7-asset-20260224201857-82ftd.png
泰国,28,女,茶艺师,asset-20260224201000-d64xv,https://sscm-media.oss-cn-guangzhou.aliyuncs.com/image/migrated/e73a5fe8151c7557-asset-20260224201000-d64xv.png
海地,54,男,保险业务员,asset-20260224203344-mj6gw,https://sscm-media.oss-cn-guangzhou.aliyuncs.com/image/migrated/c8650685de43d1e4-asset-20260224203344-mj6gw.png
英国,37,女,保险业务员,asset-20260224195236-wvb9t,https://sscm-media.oss-cn-guangzhou.aliyuncs.com/image/migrated/9a82abd46d2a3d25-asset-20260224195236-wvb9t.png
刚果（金）,83,女,退休人员,asset-20260224203049-jg9qz,https://sscm-media.oss-cn-guangzhou.aliyuncs.com/image/migrated/a24f08bbaad9eb18-asset-20260224203049-jg9qz.png
爱尔兰,19,女,设计师,asset-20260224194920-lvg9s,https://sscm-media.oss-cn-guangzhou.aliyuncs.com/image/migrated/db9c4ee5db2f31bd-asset-20260224194920-lvg9s.png
巴西,46,女,歌手,asset-20260224202807-gt7zn,https://sscm-media.oss-cn-guangzhou.aliyuncs.com/image/migrated/9273c0a29bcd02f0-asset-20260224202807-gt7zn.png
印度尼西亚,27,女,婚礼策划师,asset-20260224200922-wsdgt,https://sscm-media.oss-cn-guangzhou.aliyuncs.com/image/migrated/f4e9a48dc81b4b35-asset-20260224200922-wsdgt.png
伊朗,27,女,火锅店员工,asset-20260224194732-6xsgp,https://sscm-media.oss-cn-guangzhou.aliyuncs.com/image/migrated/1b5faa8f7dcba7d2-asset-20260224194732-6xsgp.png
克罗地亚,23,女,瑜伽/普拉提教练,asset-20260224194652-qknmq,https://sscm-media.oss-cn-guangzhou.aliyuncs.com/image/migrated/2da2c7eab58f677d-asset-20260224194652-qknmq.png
中国,95,女,退休人员,asset-20260224201515-25cv7,https://sscm-media.oss-cn-guangzhou.aliyuncs.com/image/migrated/a7502e11ff1557ae-asset-20260224201515-25cv7.png
西班牙,48,女,护工/家政工,asset-20260224195338-vstjd,https://sscm-media.oss-cn-guangzhou.aliyuncs.com/image/migrated/e3f0b5e0e6ac6b62-asset-20260224195338-vstjd.png
巴布亚新几内亚,48,女,外贸业务员,asset-20260224202909-g2rqm,https://sscm-media.oss-cn-guangzhou.aliyuncs.com/image/migrated/7f560a84232e047f-asset-20260224202909-g2rqm.png
印度尼西亚,36,女,教师,asset-20260224201302-d946w,https://sscm-media.oss-cn-guangzhou.aliyuncs.com/image/migrated/53e7454c1fb3c380-asset-20260224201302-d946w.png
法国,23,男,电竞选手,asset-20260224203111-6t598,https://sscm-media.oss-cn-guangzhou.aliyuncs.com/image/migrated/99bcf19aa042d984-asset-20260224203111-6t598.png
尼泊尔,30,女,空姐/空少,asset-20260224200910-p6z25,https://sscm-media.oss-cn-guangzhou.aliyuncs.com/image/migrated/c7851789082e0815-asset-20260224200910-p6z25.png
俄罗斯,54,男,烧烤师傅,asset-20260224202126-8cwr4,https://sscm-media.oss-cn-guangzhou.aliyuncs.com/image/migrated/c3574ce8aae402fd-asset-20260224202126-8cwr4.png
危地马拉,95,女,退休人员,asset-20260224195453-w2nct,https://sscm-media.oss-cn-guangzhou.aliyuncs.com/image/migrated/cbfdd5ed9bf892fa-asset-20260224195453-w2nct.png
海地,35,女,幼师,asset-20260224202523-hl249,https://sscm-media.oss-cn-guangzhou.aliyuncs.com/image/migrated/7d9d5ce999012525-asset-20260224202523-hl249.png
中国,22,女,环卫工人,asset-20260224200812-qh6fz,https://sscm-media.oss-cn-guangzhou.aliyuncs.com/image/migrated/f1d8fc14a27dd578-asset-20260224200812-qh6fz.png
中国,25,男,医生,asset-20260224201830-mcl4d,https://sscm-media.oss-cn-guangzhou.aliyuncs.com/image/migrated/1a7150874ca18042-asset-20260224201830-mcl4d.png
加纳,53,女,地铁工作人员,asset-20260224202848-t6gst,https://sscm-media.oss-cn-guangzhou.aliyuncs.com/image/migrated/3e0c337e120d06b2-asset-20260224202848-t6gst.png
越南,92,女,退休人员,asset-20260224201500-msptb,https://sscm-media.oss-cn-guangzhou.aliyuncs.com/image/migrated/ac44b93b3dcb3d55-asset-20260224201500-msptb.png
加纳,25,女,工厂工人,asset-20260224202339-wdc5f,https://sscm-media.oss-cn-guangzhou.aliyuncs.com/image/migrated/484eb1eb7d57094c-asset-20260224202339-wdc5f.png
加拿大,44,男,高铁乘务员,asset-20260224200049-dgkrc,https://sscm-media.oss-cn-guangzhou.aliyuncs.com/image/migrated/a03112b67f9ff2e1-asset-20260224200049-dgkrc.png
中国,18,女,茶艺师,asset-20260224200421-thcf5,https://sscm-media.oss-cn-guangzhou.aliyuncs.com/image/migrated/7b28296fdb13750e-asset-20260224200421-thcf5.png
泰国,23,男,矿工,asset-20260224201630-j8n8j,https://sscm-media.oss-cn-guangzhou.aliyuncs.com/image/migrated/04564d99daf9b1b5-asset-20260224201630-j8n8j.png
尼泊尔,54,女,幼师,asset-20260224201346-6sc4s,https://sscm-media.oss-cn-guangzhou.aliyuncs.com/image/migrated/56ef33d9c2bfede8-asset-20260224201346-6sc4s.png
巴布亚新几内亚,55,男,农业专家,asset-20260224203401-8gb7k,https://sscm-media.oss-cn-guangzhou.aliyuncs.com/image/migrated/307c08f2f11e2ae3-asset-20260224203401-8gb7k.png
法国,35,女,教师,asset-20260224194910-t2zsw,https://sscm-media.oss-cn-guangzhou.aliyuncs.com/image/migrated/2cb93ff23b63e270-asset-20260224194910-t2zsw.png
中国,37,女,网红/主播,asset-20260224201121-d8vbf,https://sscm-media.oss-cn-guangzhou.aliyuncs.com/image/migrated/1572c629f4f31c14-asset-20260224201121-d8vbf.png
埃塞俄比亚,20,女,模特,asset-20260224202643-nhtpl,https://sscm-media.oss-cn-guangzhou.aliyuncs.com/image/migrated/2a96561ce789f478-asset-20260224202643-nhtpl.png
德国,41,男,大学教授,asset-20260224200233-sj27j,https://sscm-media.oss-cn-guangzhou.aliyuncs.com/image/migrated/48ea94a727e6780e-asset-20260224200233-sj27j.png
中国,25,男,歌手,asset-20260224202007-fp22l,https://sscm-media.oss-cn-guangzhou.aliyuncs.com/image/migrated/76b13c89ad9afd93-asset-20260224202007-fp22l.png
墨西哥,41,女,律师,asset-20260224201257-mzxfd,https://sscm-media.oss-cn-guangzhou.aliyuncs.com/image/migrated/abef564d1df81281-asset-20260224201257-mzxfd.png
博茨瓦纳,32,女,歌手,asset-20260224202413-hm6xq,https://sscm-media.oss-cn-guangzhou.aliyuncs.com/image/migrated/3be1a8c2aac57f75-asset-20260224202413-hm6xq.png
保加利亚,25,男,工厂工人,asset-20260224200008-vfns2,https://sscm-media.oss-cn-guangzhou.aliyuncs.com/image/migrated/38f21047968eb888-asset-20260224200008-vfns2.png
海地,47,男,烧烤师傅,asset-20260224203420-6gzhs,https://sscm-media.oss-cn-guangzhou.aliyuncs.com/image/migrated/47923846c2a2714f-asset-20260224203420-6gzhs.png
克罗地亚,36,女,设计师,asset-20260224195334-k2q8k,https://sscm-media.oss-cn-guangzhou.aliyuncs.com/image/migrated/de7e9535f2b503b1-asset-20260224195334-k2q8k.png
法国,50,男,农业专家,asset-20260224200225-q4rwm,https://sscm-media.oss-cn-guangzhou.aliyuncs.com/image/migrated/f19ba04ea362b060-asset-20260224200225-q4rwm.png
德国,44,女,收纳整理师,asset-20260224195112-wm7k7,https://sscm-media.oss-cn-guangzhou.aliyuncs.com/image/migrated/adb2dab22de630b7-asset-20260224195112-wm7k7.png
埃塞俄比亚,75,女,大学教授,asset-20260224203009-9w9cq,https://sscm-media.oss-cn-guangzhou.aliyuncs.com/image/migrated/2aa570f1987ce2d5-asset-20260224203009-9w9cq.png
中国,23,女,农业专家,asset-20260224200513-fxnv2,https://sscm-media.oss-cn-guangzhou.aliyuncs.com/image/migrated/be9f928959431ee0-asset-20260224200513-fxnv2.png
秘鲁,33,女,作家,asset-20260224202633-kgt98,https://sscm-media.oss-cn-guangzhou.aliyuncs.com/image/migrated/902db96aa44c3260-asset-20260224202633-kgt98.png
南非,34,女,文员/行政,asset-20260224194845-pjblq,https://sscm-media.oss-cn-guangzhou.aliyuncs.com/image/migrated/45f3ab39153128b9-asset-20260224194845-pjblq.png
纳米比亚,24,男,DJ/音乐制作人,asset-20260224203159-vzfcg,https://sscm-media.oss-cn-guangzhou.aliyuncs.com/image/migrated/e32c710dd2db7d40-asset-20260224203159-vzfcg.png
斐济,26,男,教师,asset-20260224203320-klx5x,https://sscm-media.oss-cn-guangzhou.aliyuncs.com/image/migrated/3db7a6b787644a6b-asset-20260224203320-klx5x.png
喀麦隆,60,女,心理咨询师,asset-20260224202952-8p7dg,https://sscm-media.oss-cn-guangzhou.aliyuncs.com/image/migrated/8d481457268252fb-asset-20260224202952-8p7dg.png
泰国,25,女,水产养殖员,asset-20260224200851-p8s59,https://sscm-media.oss-cn-guangzhou.aliyuncs.com/image/migrated/fd97da5386667484-asset-20260224200851-p8s59.png
特立尼达和多巴哥,46,女,科学家/研究员,asset-20260224195053-qmlc9,https://sscm-media.oss-cn-guangzhou.aliyuncs.com/image/migrated/ac6d33db8018f144-asset-20260224195053-qmlc9.png
巴西,31,女,宠物美容师,asset-20260224201017-drgpn,https://sscm-media.oss-cn-guangzhou.aliyuncs.com/image/migrated/fb0ec26721aa0500-asset-20260224201017-drgpn.png
哥伦比亚,23,女,牙医,asset-20260224202500-bp487,https://sscm-media.oss-cn-guangzhou.aliyuncs.com/image/migrated/1c3e5db475e89cde-asset-20260224202500-bp487.png
马来西亚,27,女,模特,asset-20260224200351-zv8w9,https://sscm-media.oss-cn-guangzhou.aliyuncs.com/image/migrated/a0f9c02675bd4d2f-asset-20260224200351-zv8w9.png
厄瓜多尔,23,女,模特,asset-20260224194447-fwvzg,https://sscm-media.oss-cn-guangzhou.aliyuncs.com/image/migrated/9c6998b397fffcf8-asset-20260224194447-fwvzg.png
美国,85,男,退休人员,asset-20260224200349-2w6hv,https://sscm-media.oss-cn-guangzhou.aliyuncs.com/image/migrated/469aa1495b42a80d-asset-20260224200349-2w6hv.png
巴布亚新几内亚,33,男,销售,asset-20260224203150-zxxcc,https://sscm-media.oss-cn-guangzhou.aliyuncs.com/image/migrated/82adff620490e0f0-asset-20260224203150-zxxcc.png
土耳其,26,女,调酒师,asset-20260224194801-75pz4,https://sscm-media.oss-cn-guangzhou.aliyuncs.com/image/migrated/4f46b5485340e86e-asset-20260224194801-75pz4.png
埃塞俄比亚,82,女,退休人员,asset-20260224203046-6fcwc,https://sscm-media.oss-cn-guangzhou.aliyuncs.com/image/migrated/3fb13a2897953c73-asset-20260224203046-6fcwc.png
斐济,24,女,导游,asset-20260224202452-sdw6l,https://sscm-media.oss-cn-guangzhou.aliyuncs.com/image/migrated/d2dc6e18a2fdbc74-asset-20260224202452-sdw6l.png
南非,26,女,收纳整理师,asset-20260224195012-crbgb,https://sscm-media.oss-cn-guangzhou.aliyuncs.com/image/migrated/bf52b941ad1dacb2-asset-20260224195012-crbgb.png
墨西哥,97,女,退休人员,asset-20260224195445-98q9n,https://sscm-media.oss-cn-guangzhou.aliyuncs.com/image/migrated/5858692a17f4266c-asset-20260224195445-98q9n.png
阿根廷,96,男,退休人员,asset-20260224200327-v8fz2,https://sscm-media.oss-cn-guangzhou.aliyuncs.com/image/migrated/11d7d19417bcba1a-asset-20260224200327-v8fz2.png
老挝,45,女,西餐厨师/糕点师,asset-20260224201109-7kxbw,https://sscm-media.oss-cn-guangzhou.aliyuncs.com/image/migrated/4d5c9bb2f1258804-asset-20260224201109-7kxbw.png
阿联酋,35,男,企业家/CEO,asset-20260224195826-h8sr7,https://sscm-media.oss-cn-guangzhou.aliyuncs.com/image/migrated/eea4554ceae80847-asset-20260224195826-h8sr7.png
马来西亚,33,女,科学家/研究员,asset-20260224201023-knqt5,https://sscm-media.oss-cn-guangzhou.aliyuncs.com/image/migrated/81f20250e1adb0b7-asset-20260224201023-knqt5.png
牙买加,54,女,理发师,asset-20260224202913-zmlkx,https://sscm-media.oss-cn-guangzhou.aliyuncs.com/image/migrated/205f9933b6a469dc-asset-20260224202913-zmlkx.png
墨西哥,23,女,心理咨询师,asset-20260224194556-q84qq,https://sscm-media.oss-cn-guangzhou.aliyuncs.com/image/migrated/dacc1355609578aa-asset-20260224194556-q84qq.png
中国,20,男,工厂工人,asset-20260224201655-jjh5z,https://sscm-media.oss-cn-guangzhou.aliyuncs.com/image/migrated/8a3d4a6374235ccc-asset-20260224201655-jjh5z.png
埃塞俄比亚,21,男,水产养殖员,asset-20260224203253-6hqqs,https://sscm-media.oss-cn-guangzhou.aliyuncs.com/image/migrated/04acab03a67d1b63-asset-20260224203253-6hqqs.png
哈萨克斯坦,22,女,调酒师,asset-20260224200340-9l7s9,https://sscm-media.oss-cn-guangzhou.aliyuncs.com/image/migrated/abb31120c0429f2a-asset-20260224200340-9l7s9.png
南非,21,男,司机/货车司机,asset-20260224203253-xc6mf,https://sscm-media.oss-cn-guangzhou.aliyuncs.com/image/migrated/1d293a14d38502a0-asset-20260224203253-xc6mf.png
埃塞俄比亚,28,女,科学家/研究员,asset-20260224202436-bzczz,https://sscm-media.oss-cn-guangzhou.aliyuncs.com/image/migrated/0e5ab22ecfef9623-asset-20260224202436-bzczz.png
巴西,23,女,公务员,asset-20260224194514-xwvjw,https://sscm-media.oss-cn-guangzhou.aliyuncs.com/image/migrated/0b185a9fe50733bf-asset-20260224194514-xwvjw.png
博茨瓦纳,40,女,多肉/花卉种植员,asset-20260224202749-2cgll,https://sscm-media.oss-cn-guangzhou.aliyuncs.com/image/migrated/fae57ff05d9cdc34-asset-20260224202749-2cgll.png
澳大利亚,80,女,退休人员,asset-20260224201457-wpnl7,https://sscm-media.oss-cn-guangzhou.aliyuncs.com/image/migrated/96022f338144f5f8-asset-20260224201457-wpnl7.png
日本,27,女,模特,asset-20260224200851-dljdl,https://sscm-media.oss-cn-guangzhou.aliyuncs.com/image/migrated/006366fa673ef587-asset-20260224200851-dljdl.png
乌兹别克斯坦,30,女,作家,asset-20260224200816-bknb6,https://sscm-media.oss-cn-guangzhou.aliyuncs.com/image/migrated/0bc415bf08f28cd4-asset-20260224200816-bknb6.png
喀麦隆,53,女,歌手,asset-20260224202842-nkx2q,https://sscm-media.oss-cn-guangzhou.aliyuncs.com/image/migrated/c8dcbba8e8e17abb-asset-20260224202842-nkx2q.png
乌兹别克斯坦,27,男,电竞选手,asset-20260224201556-x42xq,https://sscm-media.oss-cn-guangzhou.aliyuncs.com/image/migrated/86308ced5efea6da-asset-20260224201556-x42xq.png
菲律宾,35,女,店员/收银员,asset-20260224200554-dpc6b,https://sscm-media.oss-cn-guangzhou.aliyuncs.com/image/migrated/cb1654d2d41f0aa6-asset-20260224200554-dpc6b.png
尼日利亚,43,女,导游,asset-20260224202852-bcvz2,https://sscm-media.oss-cn-guangzhou.aliyuncs.com/image/migrated/63bd38eb17ee9fb4-asset-20260224202852-bcvz2.png
坦桑尼亚,51,女,店员/收银员,asset-20260224202747-fsmv5,https://sscm-media.oss-cn-guangzhou.aliyuncs.com/image/migrated/f9abe79de5a68eee-asset-20260224202747-fsmv5.png
蒙古国,43,女,律师,asset-20260224201227-szpbv,https://sscm-media.oss-cn-guangzhou.aliyuncs.com/image/migrated/664a9e96204b42a5-asset-20260224201227-szpbv.png
德国,47,男,外科医生,asset-20260224200050-bpf9r,https://sscm-media.oss-cn-guangzhou.aliyuncs.com/image/migrated/af174bbc3f917851-asset-20260224200050-bpf9r.png
中国,42,男,多肉/花卉种植员,asset-20260224202144-65zsd,https://sscm-media.oss-cn-guangzhou.aliyuncs.com/image/migrated/f11f70317d99525f-asset-20260224202144-65zsd.png
尼日利亚,99,女,退休人员,asset-20260224203027-2bzjb,https://sscm-media.oss-cn-guangzhou.aliyuncs.com/image/migrated/ccdd9950aed88308-asset-20260224203027-2bzjb.png
哥伦比亚,22,女,水产养殖员,asset-20260224194850-568sh,https://sscm-media.oss-cn-guangzhou.aliyuncs.com/image/migrated/5285320834faf57e-asset-20260224194850-568sh.png
巴西,32,女,歌手,asset-20260224202431-h5b8b,https://sscm-media.oss-cn-guangzhou.aliyuncs.com/image/migrated/34e7aefa6e7045bf-asset-20260224202431-h5b8b.png
乌兹别克斯坦,56,女,西餐厨师/糕点师,asset-20260224201457-lflw6,https://sscm-media.oss-cn-guangzhou.aliyuncs.com/image/migrated/b799c90c470cf0a8-asset-20260224201457-lflw6.png
亚美尼亚,20,女,养蜂人,asset-20260224194358-8p2gk,https://sscm-media.oss-cn-guangzhou.aliyuncs.com/image/migrated/a5b03cbb4c033411-asset-20260224194358-8p2gk.png
中国,28,女,药剂师,asset-20260224200547-jcjjb,https://sscm-media.oss-cn-guangzhou.aliyuncs.com/image/migrated/df9bc1b0675c0e0e-asset-20260224200547-jcjjb.png
菲律宾,47,女,律师,asset-20260224201042-gkmjv,https://sscm-media.oss-cn-guangzhou.aliyuncs.com/image/migrated/157b5eba96dcf911-asset-20260224201042-gkmjv.png
中国,60,女,销售,asset-20260224201447-gmqqx,https://sscm-media.oss-cn-guangzhou.aliyuncs.com/image/migrated/4993c2a96a8642a5-asset-20260224201447-gmqqx.png
厄立特里亚,47,女,地铁工作人员,asset-20260224202841-ngppq,https://sscm-media.oss-cn-guangzhou.aliyuncs.com/image/migrated/78cd197336e12020-asset-20260224202841-ngppq.png
印度尼西亚,21,男,健身教练,asset-20260224201614-wqndj,https://sscm-media.oss-cn-guangzhou.aliyuncs.com/image/migrated/576026d3d9fae283-asset-20260224201614-wqndj.png
中国,29,女,画家/艺术家,asset-20260224201019-czlp7,https://sscm-media.oss-cn-guangzhou.aliyuncs.com/image/migrated/fdb44b84baad6f59-asset-20260224201019-czlp7.png
南非,55,女,瑜伽/普拉提教练,asset-20260224202738-7ph6c,https://sscm-media.oss-cn-guangzhou.aliyuncs.com/image/migrated/d1bd13e85a3dbb63-asset-20260224202738-7ph6c.png
捷克,45,女,歌手,asset-20260224195059-9bqm7,https://sscm-media.oss-cn-guangzhou.aliyuncs.com/image/migrated/a9eb913d6cf88988-asset-20260224195059-9bqm7.png
西班牙,18,男,歌手,asset-20260224195926-mxqpl,https://sscm-media.oss-cn-guangzhou.aliyuncs.com/image/migrated/06a0be70438e9bd0-asset-20260224195926-mxqpl.png
乌兹别克斯坦,31,女,会计,asset-20260224200730-5dj9j,https://sscm-media.oss-cn-guangzhou.aliyuncs.com/image/migrated/604f1d27f663c9ab-asset-20260224200730-5dj9j.png
中国,28,女,大学生,asset-20260224200912-v2m4s,https://sscm-media.oss-cn-guangzhou.aliyuncs.com/image/migrated/350b32a535333a65-asset-20260224200912-v2m4s.png
阿联酋,28,女,药剂师,asset-20260224194409-6xt7n,https://sscm-media.oss-cn-guangzhou.aliyuncs.com/image/migrated/aad2cfb60f4c8ea7-asset-20260224194409-6xt7n.png
奥地利,23,男,农民,asset-20260224195654-j6x8t,https://sscm-media.oss-cn-guangzhou.aliyuncs.com/image/migrated/62c4b6ad35a381b0-asset-20260224195654-j6x8t.png
古巴,42,女,婚礼策划师,asset-20260224195213-6mfrf,https://sscm-media.oss-cn-guangzhou.aliyuncs.com/image/migrated/e35719fe59397818-asset-20260224195213-6mfrf.png
中国,23,男,快递员,asset-20260224201942-jpsxh,https://sscm-media.oss-cn-guangzhou.aliyuncs.com/image/migrated/3fd429809440f173-asset-20260224201942-jpsxh.png
中国,33,女,护工/家政工,asset-20260224200449-fr7pn,https://sscm-media.oss-cn-guangzhou.aliyuncs.com/image/migrated/6a5849767c3dc937-asset-20260224200449-fr7pn.png
印度尼西亚,18,女,收纳整理师,asset-20260224200746-cb4bx,https://sscm-media.oss-cn-guangzhou.aliyuncs.com/image/migrated/941d9c147495ebf2-asset-20260224200746-cb4bx.png
菲律宾,27,男,修理工/水电工,asset-20260224201857-8s725,https://sscm-media.oss-cn-guangzhou.aliyuncs.com/image/migrated/326a83456ef23f23-asset-20260224201857-8s725.png
中国,30,女,歌手,asset-20260224200905-cw2tg,https://sscm-media.oss-cn-guangzhou.aliyuncs.com/image/migrated/8ed64562ebbbb21a-asset-20260224200905-cw2tg.png
波兰,23,男,外卖员,asset-20260224195524-d7fg6,https://sscm-media.oss-cn-guangzhou.aliyuncs.com/image/migrated/a35c4954c8429251-asset-20260224195524-d7fg6.png
波兰,26,女,收纳整理师,asset-20260224194535-rqd7k,https://sscm-media.oss-cn-guangzhou.aliyuncs.com/image/migrated/7585d4a0ed531966-asset-20260224194535-rqd7k.png
爱尔兰,50,男,搬运工,asset-20260224200216-khdkj,https://sscm-media.oss-cn-guangzhou.aliyuncs.com/image/migrated/26b305c7723dc4ed-asset-20260224200216-khdkj.png
菲律宾,47,女,会计,asset-20260224201228-slztq,https://sscm-media.oss-cn-guangzhou.aliyuncs.com/image/migrated/41048efa14c1d034-asset-20260224201228-slztq.png
埃塞俄比亚,24,男,画家/艺术家,asset-20260224203315-2hz9w,https://sscm-media.oss-cn-guangzhou.aliyuncs.com/image/migrated/ab6352b7c349ef94-asset-20260224203315-2hz9w.png
阿联酋,41,女,药剂师,asset-20260224195309-dml7q,https://sscm-media.oss-cn-guangzhou.aliyuncs.com/image/migrated/dd7eacc0d54cf45d-asset-20260224195309-dml7q.png
哥伦比亚,22,女,记者/媒体人,asset-20260224200518-5q9xl,https://sscm-media.oss-cn-guangzhou.aliyuncs.com/image/migrated/0cd6b2af11436b0f-asset-20260224200518-5q9xl.png
厄立特里亚,22,女,健身教练,asset-20260224202619-59br5,https://sscm-media.oss-cn-guangzhou.aliyuncs.com/image/migrated/10ac9a50cd5fdb60-asset-20260224202619-59br5.png
阿根廷,22,男,网约车司机,asset-20260224202011-9k5pm,https://sscm-media.oss-cn-guangzhou.aliyuncs.com/image/migrated/a7a3e94ff843a450-asset-20260224202011-9k5pm.png
中国,28,女,外贸业务员,asset-20260224200643-bpsvs,https://sscm-media.oss-cn-guangzhou.aliyuncs.com/image/migrated/9387abfeef7ead23-asset-20260224200643-bpsvs.png
阿根廷,69,男,设计师,asset-20260224202229-cf62k,https://sscm-media.oss-cn-guangzhou.aliyuncs.com/image/migrated/b1a0070ebab261a5-asset-20260224202229-cf62k.png
日本,86,女,退休人员,asset-20260224201512-9dnjb,https://sscm-media.oss-cn-guangzhou.aliyuncs.com/image/migrated/a622d2702ee18cdc-asset-20260224201512-9dnjb.png
丹麦,23,男,服务员,asset-20260224195707-dvmhc,https://sscm-media.oss-cn-guangzhou.aliyuncs.com/image/migrated/783744e4aca10a4d-asset-20260224195707-dvmhc.png
玻利维亚,32,男,建筑师,asset-20260224201838-7mh7m,https://sscm-media.oss-cn-guangzhou.aliyuncs.com/image/migrated/0bf218ae7cb99b6a-asset-20260224201838-7mh7m.png
印度尼西亚,99,女,退休人员,asset-20260224201501-j4n4q,https://sscm-media.oss-cn-guangzhou.aliyuncs.com/image/migrated/bd761e60249f3151-asset-20260224201501-j4n4q.png
中国,43,男,公务员,asset-20260224202112-92tvh,https://sscm-media.oss-cn-guangzhou.aliyuncs.com/image/migrated/1d90756b27a476b1-asset-20260224202112-92tvh.png
乌兹别克斯坦,48,女,茶艺师,asset-20260224201355-pn4fb,https://sscm-media.oss-cn-guangzhou.aliyuncs.com/image/migrated/b3957cf30b01170c-asset-20260224201355-pn4fb.png
新西兰,35,女,科学家/研究员,asset-20260224200843-wwjzl,https://sscm-media.oss-cn-guangzhou.aliyuncs.com/image/migrated/b651bded306598e3-asset-20260224200843-wwjzl.png
菲律宾,22,男,调酒师,asset-20260224201659-7cx57,https://sscm-media.oss-cn-guangzhou.aliyuncs.com/image/migrated/bbc929d2a3757ad3-asset-20260224201659-7cx57.png
中国,21,男,地铁工作人员,asset-20260224202004-zfz9m,https://sscm-media.oss-cn-guangzhou.aliyuncs.com/image/migrated/6bd6d9bdb1c89d54-asset-20260224202004-zfz9m.png
加纳,27,男,企业家/CEO,asset-20260224203150-v9kfq,https://sscm-media.oss-cn-guangzhou.aliyuncs.com/image/migrated/cba926432467cf16-asset-20260224203150-v9kfq.png
马达加斯加,46,女,烧烤师傅,asset-20260224202825-t78bg,https://sscm-media.oss-cn-guangzhou.aliyuncs.com/image/migrated/f157d1aa776707ac-asset-20260224202825-t78bg.png
中国,29,女,摄影师,asset-20260224200409-cx755,https://sscm-media.oss-cn-guangzhou.aliyuncs.com/image/migrated/30ef8e5f49622bc8-asset-20260224200409-cx755.png
孟加拉国,31,男,文员/行政,asset-20260224195915-xvp2b,https://sscm-media.oss-cn-guangzhou.aliyuncs.com/image/migrated/d8cda1dd45b04dcf-asset-20260224195915-xvp2b.png
西班牙,23,女,大学生,asset-20260224194603-nrn7x,https://sscm-media.oss-cn-guangzhou.aliyuncs.com/image/migrated/a971cdf6095d1025-asset-20260224194603-nrn7x.png
中国,29,女,药剂师,asset-20260224200358-kcrxg,https://sscm-media.oss-cn-guangzhou.aliyuncs.com/image/migrated/5a19b7bfacc308e9-asset-20260224200358-kcrxg.png
土耳其,43,女,教师,asset-20260224195203-sh2tp,https://sscm-media.oss-cn-guangzhou.aliyuncs.com/image/migrated/c31156315ef71984-asset-20260224195203-sh2tp.png
阿塞拜疆,54,女,保洁员,asset-20260224195117-z5f5l,https://sscm-media.oss-cn-guangzhou.aliyuncs.com/image/migrated/17396f2ac35986c7-asset-20260224195117-z5f5l.png
中国,53,女,保险业务员,asset-20260224201143-rpzdl,https://sscm-media.oss-cn-guangzhou.aliyuncs.com/image/migrated/ff3a95e577a9d895-asset-20260224201143-rpzdl.png
中国,19,女,宠物美容师,asset-20260224200846-xrpq9,https://sscm-media.oss-cn-guangzhou.aliyuncs.com/image/migrated/3c79dea4bdf598a3-asset-20260224200846-xrpq9.png
俄罗斯,22,男,工程师,asset-20260224195545-2sdrv,https://sscm-media.oss-cn-guangzhou.aliyuncs.com/image/migrated/ee96d4d8a0768116-asset-20260224195545-2sdrv.png
加纳,37,女,医生,asset-20260224202852-gxtrb,https://sscm-media.oss-cn-guangzhou.aliyuncs.com/image/migrated/88cf9b63007c6e87-asset-20260224202852-gxtrb.png
委内瑞拉,41,女,作家,asset-20260224195120-drlml,https://sscm-media.oss-cn-guangzhou.aliyuncs.com/image/migrated/37e8f0c44e1f7d7c-asset-20260224195120-drlml.png
巴西,23,男,房产中介,asset-20260224195943-6cknc,https://sscm-media.oss-cn-guangzhou.aliyuncs.com/image/migrated/b2718d0ced82a908-asset-20260224195943-6cknc.png
法国,25,男,外科医生,asset-20260224200013-qlvdd,https://sscm-media.oss-cn-guangzhou.aliyuncs.com/image/migrated/d39f209f00a8bea2-asset-20260224200013-qlvdd.png
中国,40,男,外贸业务员,asset-20260224202147-xkphq,https://sscm-media.oss-cn-guangzhou.aliyuncs.com/image/migrated/b836c60ad24e1c76-asset-20260224202147-xkphq.png
美国,32,男,律师,asset-20260224195616-c9vp6,https://sscm-media.oss-cn-guangzhou.aliyuncs.com/image/migrated/1e78f2c2e744cb2c-asset-20260224195616-c9vp6.png
西班牙,19,女,设计师,asset-20260224194822-glfc9,https://sscm-media.oss-cn-guangzhou.aliyuncs.com/image/migrated/7a8a8728e3cd54e5-asset-20260224194822-glfc9.png
美国,60,男,建筑师,asset-20260224202235-h4btd,https://sscm-media.oss-cn-guangzhou.aliyuncs.com/image/migrated/015b1367c9a168ff-asset-20260224202235-h4btd.png
巴西,33,女,医生,asset-20260224202543-84mvn,https://sscm-media.oss-cn-guangzhou.aliyuncs.com/image/migrated/2f3c343bb90de56c-asset-20260224202543-84mvn.png
泰国,40,男,水产养殖员,asset-20260224202135-bcb8g,https://sscm-media.oss-cn-guangzhou.aliyuncs.com/image/migrated/94b12d3545afccd4-asset-20260224202135-bcb8g.png
肯尼亚,23,女,企业家/CEO,asset-20260224202541-t6x6v,https://sscm-media.oss-cn-guangzhou.aliyuncs.com/image/migrated/40444d2d1c8bad10-asset-20260224202541-t6x6v.png
海地,58,女,公务员,asset-20260224203004-xlp7m,https://sscm-media.oss-cn-guangzhou.aliyuncs.com/image/migrated/a31f8781d58b5088-asset-20260224203004-xlp7m.png
印度尼西亚,53,女,保洁员,asset-20260224201219-zpjnq,https://sscm-media.oss-cn-guangzhou.aliyuncs.com/image/migrated/9b1ee78f4640341a-asset-20260224201219-zpjnq.png
中国,45,女,作家,asset-20260224201349-lsz79,https://sscm-media.oss-cn-guangzhou.aliyuncs.com/image/migrated/8d450aa8e30dd3bc-asset-20260224201349-lsz79.png
墨西哥,19,女,果农,asset-20260224200617-mxtrp,https://sscm-media.oss-cn-guangzhou.aliyuncs.com/image/migrated/af51cb6a487e96c7-asset-20260224200617-mxtrp.png
中国,24,男,画家/艺术家,asset-20260224201914-wzskw,https://sscm-media.oss-cn-guangzhou.aliyuncs.com/image/migrated/e86362057dbea1ed-asset-20260224201914-wzskw.png
俄罗斯,27,男,养蜂人,asset-20260224201818-jvh4n,https://sscm-media.oss-cn-guangzhou.aliyuncs.com/image/migrated/59b7a055f68afb34-asset-20260224201818-jvh4n.png
新西兰,22,女,房产中介,asset-20260224200820-4vqmf,https://sscm-media.oss-cn-guangzhou.aliyuncs.com/image/migrated/f4fa16c589942fbd-asset-20260224200820-4vqmf.png
中国,32,女,投资银行家/基金经理,asset-20260224200753-q5d2t,https://sscm-media.oss-cn-guangzhou.aliyuncs.com/image/migrated/30ad34a86aa3beb0-asset-20260224200753-q5d2t.png
埃塞俄比亚,23,女,宠物美容师,asset-20260224202448-rwkh2,https://sscm-media.oss-cn-guangzhou.aliyuncs.com/image/migrated/a64aa6269d87fea4-asset-20260224202448-rwkh2.png
巴西,34,女,网红/主播,asset-20260224202644-td9tn,https://sscm-media.oss-cn-guangzhou.aliyuncs.com/image/migrated/5c5a4cb193903337-asset-20260224202644-td9tn.png
阿根廷,70,女,水产养殖员,asset-20260224195422-jzlh6,https://sscm-media.oss-cn-guangzhou.aliyuncs.com/image/migrated/c039d7cf9f1135b5-asset-20260224195422-jzlh6.png
刚果（金）,40,女,心理咨询师,asset-20260224202717-4d2nx,https://sscm-media.oss-cn-guangzhou.aliyuncs.com/image/migrated/c4e046219f749801-asset-20260224202717-4d2nx.png
挪威,25,女,文员/行政,asset-20260224194900-xrshd,https://sscm-media.oss-cn-guangzhou.aliyuncs.com/image/migrated/c9d3522b0cb6c3ee-asset-20260224194900-xrshd.png
法国,38,女,茶艺师,asset-20260224195303-5wcr8,https://sscm-media.oss-cn-guangzhou.aliyuncs.com/image/migrated/6336972fbcf12de2-asset-20260224195303-5wcr8.png
亚美尼亚,34,男,设计师,asset-20260224195613-pbz58,https://sscm-media.oss-cn-guangzhou.aliyuncs.com/image/migrated/44c3210cf4dadfb7-asset-20260224195613-pbz58.png
中国,19,男,渔民,asset-20260224201603-xtvnr,https://sscm-media.oss-cn-guangzhou.aliyuncs.com/image/migrated/cec955e74fcfa464-asset-20260224201603-xtvnr.png
意大利,23,女,店员/收银员,asset-20260224194905-tgb7z,https://sscm-media.oss-cn-guangzhou.aliyuncs.com/image/migrated/b95ecfcc15e0e74f-asset-20260224194905-tgb7z.png
中国,34,女,记者/媒体人,asset-20260224200940-ntztk,https://sscm-media.oss-cn-guangzhou.aliyuncs.com/image/migrated/f0d8e188e322c022-asset-20260224200940-ntztk.png
亚美尼亚,27,女,文员/行政,asset-20260224194749-jw7cv,https://sscm-media.oss-cn-guangzhou.aliyuncs.com/image/migrated/42e6b22d6e1c4edb-asset-20260224194749-jw7cv.png
美国,45,男,程序员,asset-20260224203353-gk6p8,https://sscm-media.oss-cn-guangzhou.aliyuncs.com/image/migrated/3fc30dde6ce7ecc5-asset-20260224203353-gk6p8.png
英国,43,男,建筑师,asset-20260224200212-tfbvx,https://sscm-media.oss-cn-guangzhou.aliyuncs.com/image/migrated/11229724ec69cf2d-asset-20260224200212-tfbvx.png
墨西哥,31,男,银行柜员,asset-20260224201809-ql9mx,https://sscm-media.oss-cn-guangzhou.aliyuncs.com/image/migrated/80bb20bbe666c055-asset-20260224201809-ql9mx.png
中国,31,男,摄影师,asset-20260224201527-v6wmn,https://sscm-media.oss-cn-guangzhou.aliyuncs.com/image/migrated/31d850d55e156b13-asset-20260224201527-v6wmn.png
古巴,50,女,农民,asset-20260224195049-fmx6w,https://sscm-media.oss-cn-guangzhou.aliyuncs.com/image/migrated/de6f0c29dee5a5f6-asset-20260224195049-fmx6w.png
丹麦,26,男,心理咨询师,asset-20260224195710-52ttz,https://sscm-media.oss-cn-guangzhou.aliyuncs.com/image/migrated/d8a8dfda608783ed-asset-20260224195710-52ttz.png
刚果（金）,33,男,销售,asset-20260224203324-65mcn,https://sscm-media.oss-cn-guangzhou.aliyuncs.com/image/migrated/8e43553a561cf5dc-asset-20260224203324-65mcn.png
委内瑞拉,32,女,客服,asset-20260224202654-vw2sc,https://sscm-media.oss-cn-guangzhou.aliyuncs.com/image/migrated/026b8fe776f05b65-asset-20260224202654-vw2sc.png
泰国,55,男,屠夫,asset-20260224202105-b4j5x,https://sscm-media.oss-cn-guangzhou.aliyuncs.com/image/migrated/5fb3bc3df773f9e5-asset-20260224202105-b4j5x.png
中国,22,女,婚礼策划师,asset-20260224201039-2r9h4,https://sscm-media.oss-cn-guangzhou.aliyuncs.com/image/migrated/fcb15bf4fa7e85a8-asset-20260224201039-2r9h4.png
埃塞俄比亚,38,男,房产中介,asset-20260224203440-mffvh,https://sscm-media.oss-cn-guangzhou.aliyuncs.com/image/migrated/7bfbfca44960510b-asset-20260224203440-mffvh.png
泰国,24,男,程序员,asset-20260224201547-h99zq,https://sscm-media.oss-cn-guangzhou.aliyuncs.com/image/migrated/0d3a31aa0cdc495d-asset-20260224201547-h99zq.png
伊朗,49,女,银行柜员,asset-20260224195038-lxc9t,https://sscm-media.oss-cn-guangzhou.aliyuncs.com/image/migrated/cb3c79eae9638694-asset-20260224195038-lxc9t.png
中国,29,男,律师,asset-20260224201624-d9t44,https://sscm-media.oss-cn-guangzhou.aliyuncs.com/image/migrated/86e581f5cf012f94-asset-20260224201624-d9t44.png
巴西,24,男,律师,asset-20260224195753-2tfhf,https://sscm-media.oss-cn-guangzhou.aliyuncs.com/image/migrated/956ed6c107c0c6ea-asset-20260224195753-2tfhf.png
美国,42,男,店员/收银员,asset-20260224203400-94h2h,https://sscm-media.oss-cn-guangzhou.aliyuncs.com/image/migrated/ca175d6d3db79a0d-asset-20260224203400-94h2h.png
刚果（布）,83,男,退休人员,asset-20260224203501-x7bh8,https://sscm-media.oss-cn-guangzhou.aliyuncs.com/image/migrated/aec4d9bf1141b679-asset-20260224203501-x7bh8.png
英国,67,男,养蜂人,asset-20260224200316-l8cw6,https://sscm-media.oss-cn-guangzhou.aliyuncs.com/image/migrated/1a26fd7bef261c94-asset-20260224200316-l8cw6.png
印度尼西亚,52,男,工厂工人,asset-20260224202146-x7k6w,https://sscm-media.oss-cn-guangzhou.aliyuncs.com/image/migrated/c733e41e28376544-asset-20260224202146-x7k6w.png
印度尼西亚,61,女,记者/媒体人,asset-20260224201424-dg9nn,https://sscm-media.oss-cn-guangzhou.aliyuncs.com/image/migrated/e63d8f3f3cef6de2-asset-20260224201424-dg9nn.png
海地,19,男,拉面师傅,asset-20260224203156-p4jmc,https://sscm-media.oss-cn-guangzhou.aliyuncs.com/image/migrated/07ef27759005388f-asset-20260224203156-p4jmc.png
阿根廷,40,男,环卫工人,asset-20260224200041-n2vjj,https://sscm-media.oss-cn-guangzhou.aliyuncs.com/image/migrated/cba256f6b2448d88-asset-20260224200041-n2vjj.png
沙特阿拉伯,68,女,摄影师,asset-20260224195406-fchww,https://sscm-media.oss-cn-guangzhou.aliyuncs.com/image/migrated/b4318cfe1b12673f-asset-20260224195406-fchww.png
孟加拉国,21,女,幼师,asset-20260224194817-qv9zl,https://sscm-media.oss-cn-guangzhou.aliyuncs.com/image/migrated/b761cface53615eb-asset-20260224194817-qv9zl.png
巴西,53,女,保洁员,asset-20260224202820-6x7js,https://sscm-media.oss-cn-guangzhou.aliyuncs.com/image/migrated/769226061b4bd242-asset-20260224202820-6x7js.png
尼泊尔,32,女,文员/行政,asset-20260224201001-xxwj5,https://sscm-media.oss-cn-guangzhou.aliyuncs.com/image/migrated/0273bef2c55d26ff-asset-20260224201001-xxwj5.png
奥地利,32,女,投资银行家/基金经理,asset-20260224194727-dkd5l,https://sscm-media.oss-cn-guangzhou.aliyuncs.com/image/migrated/e672ce3ca77e1879-asset-20260224194727-dkd5l.png
美国,30,男,大学教授,asset-20260224195845-tcwnr,https://sscm-media.oss-cn-guangzhou.aliyuncs.com/image/migrated/11da44ed3e4a6337-asset-20260224195845-tcwnr.png
秘鲁,34,女,歌手,asset-20260224202513-zlkbx,https://sscm-media.oss-cn-guangzhou.aliyuncs.com/image/migrated/6c8300fc65054115-asset-20260224202513-zlkbx.png
牙买加,37,男,司机/货车司机,asset-20260224203337-r6qlh,https://sscm-media.oss-cn-guangzhou.aliyuncs.com/image/migrated/8e123575620b63d2-asset-20260224203337-r6qlh.png
奥地利,50,女,环卫工人,asset-20260224195150-2nfdd,https://sscm-media.oss-cn-guangzhou.aliyuncs.com/image/migrated/6b689c8399c5238f-asset-20260224195150-2nfdd.png
克罗地亚,29,男,房产中介,asset-20260224195757-989ss,https://sscm-media.oss-cn-guangzhou.aliyuncs.com/image/migrated/ee9e1de624d057e5-asset-20260224195757-989ss.png
德国,42,男,企业高管,asset-20260224200137-8d5mv,https://sscm-media.oss-cn-guangzhou.aliyuncs.com/image/migrated/f6441ed99795955c-asset-20260224200137-8d5mv.png
玻利维亚,20,女,店员/收银员,asset-20260224200806-m6q2j,https://sscm-media.oss-cn-guangzhou.aliyuncs.com/image/migrated/9f2b295e0dd44bf0-asset-20260224200806-m6q2j.png
中国,39,女,宠物美容师,asset-20260224201359-6h6w7,https://sscm-media.oss-cn-guangzhou.aliyuncs.com/image/migrated/15af9509530c6c1e-asset-20260224201359-6h6w7.png
中国,23,女,店员/收银员,asset-20260224200741-b55ts,https://sscm-media.oss-cn-guangzhou.aliyuncs.com/image/migrated/ae7a13b64b87f676-asset-20260224200741-b55ts.png
贝宁,26,女,婚礼策划师,asset-20260224202531-z42tj,https://sscm-media.oss-cn-guangzhou.aliyuncs.com/image/migrated/f678251e8d8e38aa-asset-20260224202531-z42tj.png
巴西,59,男,西餐厨师/糕点师,asset-20260224200306-9sdsw,https://sscm-media.oss-cn-guangzhou.aliyuncs.com/image/migrated/b1bd88634446f4f2-asset-20260224200306-9sdsw.png
新西兰,76,女,退休人员,asset-20260224201521-pvz4z,https://sscm-media.oss-cn-guangzhou.aliyuncs.com/image/migrated/c6164dbbf8874663-asset-20260224201521-pvz4z.png
挪威,52,男,多肉/花卉种植员,asset-20260224200116-ccvw4,https://sscm-media.oss-cn-guangzhou.aliyuncs.com/image/migrated/e97d2c05b332f32d-asset-20260224200116-ccvw4.png
英国,49,男,健身教练,asset-20260224200236-crl7t,https://sscm-media.oss-cn-guangzhou.aliyuncs.com/image/migrated/d2d9aace085d9a33-asset-20260224200236-crl7t.png
南非,97,男,退休人员,asset-20260224200318-6hxj5,https://sscm-media.oss-cn-guangzhou.aliyuncs.com/image/migrated/9ced21f1652f4ac9-asset-20260224200318-6hxj5.png
哈萨克斯坦,34,男,网约车司机,asset-20260224201923-q5pcs,https://sscm-media.oss-cn-guangzhou.aliyuncs.com/image/migrated/9f7ecfe06b04e880-asset-20260224201923-q5pcs.png
危地马拉,36,男,地铁工作人员,asset-20260224202205-qdfqz,https://sscm-media.oss-cn-guangzhou.aliyuncs.com/image/migrated/eb58ff7c5eb15f86-asset-20260224202205-qdfqz.png
加拿大,37,男,理发师,asset-20260224200230-5rcdn,https://sscm-media.oss-cn-guangzhou.aliyuncs.com/image/migrated/d922cafb9add31b1-asset-20260224200230-5rcdn.png
孟加拉国,35,男,设计师,asset-20260224195807-66mw8,https://sscm-media.oss-cn-guangzhou.aliyuncs.com/image/migrated/2e75075189011d82-asset-20260224195807-66mw8.png
尼泊尔,19,男,摄影师,asset-20260224201955-r8bnq,https://sscm-media.oss-cn-guangzhou.aliyuncs.com/image/migrated/008771f3068ec114-asset-20260224201955-r8bnq.png
美国,80,男,退休人员,asset-20260224203510-d8m7m,https://sscm-media.oss-cn-guangzhou.aliyuncs.com/image/migrated/f15fd83354717752-asset-20260224203510-d8m7m.png
南非,54,男,外科医生,asset-20260224203428-rk5jx,https://sscm-media.oss-cn-guangzhou.aliyuncs.com/image/migrated/d7b99926ae013e41-asset-20260224203428-rk5jx.png
中国,23,男,渔民,asset-20260224201551-7j9bg,https://sscm-media.oss-cn-guangzhou.aliyuncs.com/image/migrated/c1d7d6dcceaecf82-asset-20260224201551-7j9bg.png
委内瑞拉,21,女,农民,asset-20260224194936-s8rb6,https://sscm-media.oss-cn-guangzhou.aliyuncs.com/image/migrated/f118f43cd9ef6685-asset-20260224194936-s8rb6.png
委内瑞拉,19,男,网约车司机,asset-20260224195938-g277c,https://sscm-media.oss-cn-guangzhou.aliyuncs.com/image/migrated/180320b0ec3f70bd-asset-20260224195938-g277c.png
中国,35,男,调酒师,asset-20260224202017-mtndl,https://sscm-media.oss-cn-guangzhou.aliyuncs.com/image/migrated/d60928e7be513212-asset-20260224202017-mtndl.png
日本,23,男,DJ/音乐制作人,asset-20260224201936-ddnmn,https://sscm-media.oss-cn-guangzhou.aliyuncs.com/image/migrated/bcca28425af62fe5-asset-20260224201936-ddnmn.png
坦桑尼亚,36,女,会计,asset-20260224202935-lzbwm,https://sscm-media.oss-cn-guangzhou.aliyuncs.com/image/migrated/def714563caa0bd6-asset-20260224202935-lzbwm.png
中国,27,男,地铁工作人员,asset-20260224201629-tjs6q,https://sscm-media.oss-cn-guangzhou.aliyuncs.com/image/migrated/556b5a554973913f-asset-20260224201629-tjs6q.png
牙买加,21,女,宠物美容师,asset-20260224202423-h2mhw,https://sscm-media.oss-cn-guangzhou.aliyuncs.com/image/migrated/5c62705de4795daf-asset-20260224202423-h2mhw.png
奥地利,55,女,销售,asset-20260224195039-gftwk,https://sscm-media.oss-cn-guangzhou.aliyuncs.com/image/migrated/7ea68713f74e3ddb-asset-20260224195039-gftwk.png
印度尼西亚,28,女,心理咨询师,asset-20260224200609-c6wb4,https://sscm-media.oss-cn-guangzhou.aliyuncs.com/image/migrated/6b5b47ce41ecfb44-asset-20260224200609-c6wb4.png
荷兰,41,女,工厂工人,asset-20260224201300-hk9xr,https://sscm-media.oss-cn-guangzhou.aliyuncs.com/image/migrated/3dc3d19635367f39-asset-20260224201300-hk9xr.png
肯尼亚,40,男,工厂工人,asset-20260224203336-jhz9m,https://sscm-media.oss-cn-guangzhou.aliyuncs.com/image/migrated/29fafb72c4722bf3-asset-20260224203336-jhz9m.png
阿根廷,51,女,大学教授,asset-20260224201358-6cxmz,https://sscm-media.oss-cn-guangzhou.aliyuncs.com/image/migrated/683e35ea6c4201e2-asset-20260224201358-6cxmz.png
菲律宾,39,男,搬运工,asset-20260224202058-6ttsj,https://sscm-media.oss-cn-guangzhou.aliyuncs.com/image/migrated/4a633a71d41868b4-asset-20260224202058-6ttsj.png
哥伦比亚,90,女,退休人员,asset-20260224203032-vwz72,https://sscm-media.oss-cn-guangzhou.aliyuncs.com/image/migrated/1f5d31f310b9c6cc-asset-20260224203032-vwz72.png
蒙古国,20,男,模特,asset-20260224201827-4jwxz,https://sscm-media.oss-cn-guangzhou.aliyuncs.com/image/migrated/b9876d29206074d0-asset-20260224201827-4jwxz.png
菲律宾,28,男,农民,asset-20260224201607-zh7tw,https://sscm-media.oss-cn-guangzhou.aliyuncs.com/image/migrated/483ead9e12ef3fee-asset-20260224201607-zh7tw.png
土耳其,42,女,教师,asset-20260224195255-swkqb,https://sscm-media.oss-cn-guangzhou.aliyuncs.com/image/migrated/95d1205407752469-asset-20260224195255-swkqb.png
土耳其,54,女,服务员,asset-20260224195313-kghz2,https://sscm-media.oss-cn-guangzhou.aliyuncs.com/image/migrated/ee9c2a0bdb0eb074-asset-20260224195313-kghz2.png
阿根廷,45,男,摄影师,asset-20260224200050-wlbrq,https://sscm-media.oss-cn-guangzhou.aliyuncs.com/image/migrated/39a82e9cb10652e8-asset-20260224200050-wlbrq.png
印度尼西亚,38,女,设计师,asset-20260224201120-97hls,https://sscm-media.oss-cn-guangzhou.aliyuncs.com/image/migrated/d80fdacb6d5e18e4-asset-20260224201120-97hls.png
吉尔吉斯斯坦,39,男,服务员,asset-20260224202207-9swtf,https://sscm-media.oss-cn-guangzhou.aliyuncs.com/image/migrated/12d902f0ce55433e-asset-20260224202207-9swtf.png
厄立特里亚,45,男,空姐/空少,asset-20260224203432-djbtw,https://sscm-media.oss-cn-guangzhou.aliyuncs.com/image/migrated/d8aaef2a431c16ac-asset-20260224203432-djbtw.png
澳大利亚,48,女,网红/主播,asset-20260224195306-hndxm,https://sscm-media.oss-cn-guangzhou.aliyuncs.com/image/migrated/a261e5fb3000ca92-asset-20260224195306-hndxm.png
阿根廷,29,男,农民,asset-20260224195851-6jzcc,https://sscm-media.oss-cn-guangzhou.aliyuncs.com/image/migrated/cc9406d8e791214c-asset-20260224195851-6jzcc.png
俄罗斯,58,女,心理咨询师,asset-20260224195413-q84g8,https://sscm-media.oss-cn-guangzhou.aliyuncs.com/image/migrated/6f980f8255937818-asset-20260224195413-q84g8.png
丹麦,22,女,瑜伽/普拉提教练,asset-20260224194614-kvvdh,https://sscm-media.oss-cn-guangzhou.aliyuncs.com/image/migrated/1535cf46749f3af1-asset-20260224194614-kvvdh.png
美国,45,女,设计师,asset-20260224195244-lcswf,https://sscm-media.oss-cn-guangzhou.aliyuncs.com/image/migrated/73f8189de8679389-asset-20260224195244-lcswf.png
中国,73,女,店员/收银员,asset-20260224201442-5n4np,https://sscm-media.oss-cn-guangzhou.aliyuncs.com/image/migrated/f78acf9edfcc4245-asset-20260224201442-5n4np.png
孟加拉国,38,男,网约车司机,asset-20260224200121-rxzxn,https://sscm-media.oss-cn-guangzhou.aliyuncs.com/image/migrated/9bcb88a1caa4a0bb-asset-20260224200121-rxzxn.png
中国,54,男,医生,asset-20260224202108-mwhfc,https://sscm-media.oss-cn-guangzhou.aliyuncs.com/image/migrated/d6a0fa5d8ea7f02d-asset-20260224202108-mwhfc.png
乌克兰,58,男,外卖员,asset-20260224200255-z59df,https://sscm-media.oss-cn-guangzhou.aliyuncs.com/image/migrated/0f6877561e53b914-asset-20260224200255-z59df.png
匈牙利,34,女,模特,asset-20260224194853-jqgrn,https://sscm-media.oss-cn-guangzhou.aliyuncs.com/image/migrated/65d52e95922525be-asset-20260224194853-jqgrn.png
牙买加,41,女,牙医,asset-20260224202753-fzkzx,https://sscm-media.oss-cn-guangzhou.aliyuncs.com/image/migrated/b2d598308b53d3f6-asset-20260224202753-fzkzx.png
挪威,43,男,程序员,asset-20260224200221-76q4l,https://sscm-media.oss-cn-guangzhou.aliyuncs.com/image/migrated/ba8e4d7ce1be6adb-asset-20260224200221-76q4l.png
法国,22,女,文员/行政,asset-20260224194946-g9z8d,https://sscm-media.oss-cn-guangzhou.aliyuncs.com/image/migrated/f56834da77d6cf60-asset-20260224194946-g9z8d.png
韩国,50,男,搬运工,asset-20260224202135-jq2gn,https://sscm-media.oss-cn-guangzhou.aliyuncs.com/image/migrated/be82f5c59b7e40db-asset-20260224202135-jq2gn.png
印度尼西亚,28,女,会计,asset-20260224200634-dnfkl,https://sscm-media.oss-cn-guangzhou.aliyuncs.com/image/migrated/3d5627263af181d8-asset-20260224200634-dnfkl.png
斯里兰卡,41,男,地铁工作人员,asset-20260224200058-6rtps,https://sscm-media.oss-cn-guangzhou.aliyuncs.com/image/migrated/a41df2189e1c54d0-asset-20260224200058-6rtps.png
丹麦,25,男,工程师,asset-20260224195815-w9m8r,https://sscm-media.oss-cn-guangzhou.aliyuncs.com/image/migrated/0e1bb9dbf445055c-asset-20260224195815-w9m8r.png
加拿大,23,女,空姐/空少,asset-20260224194452-x4x6c,https://sscm-media.oss-cn-guangzhou.aliyuncs.com/image/migrated/0c786052f90d09e6-asset-20260224194452-x4x6c.png
荷兰,25,男,保险业务员,asset-20260224203256-26fpk,https://sscm-media.oss-cn-guangzhou.aliyuncs.com/image/migrated/1c87f8a9aeea37de-asset-20260224203256-26fpk.png
西班牙,36,女,茶艺师,asset-20260224195356-k6vsv,https://sscm-media.oss-cn-guangzhou.aliyuncs.com/image/migrated/4d2c7365e266aabd-asset-20260224195356-k6vsv.png
美国,28,男,投资银行家/基金经理,asset-20260224203238-xdshz,https://sscm-media.oss-cn-guangzhou.aliyuncs.com/image/migrated/9f4fe93d4ca2183f-asset-20260224203238-xdshz.png
中国,74,女,店员/收银员,asset-20260224201437-mlwh2,https://sscm-media.oss-cn-guangzhou.aliyuncs.com/image/migrated/33f5b89fa62eb9b6-asset-20260224201437-mlwh2.png
乌兹别克斯坦,27,男,养蜂人,asset-20260224201640-mhh2t,https://sscm-media.oss-cn-guangzhou.aliyuncs.com/image/migrated/9949d993369b4620-asset-20260224201640-mhh2t.png
美国,36,女,会计,asset-20260224195307-668v9,https://sscm-media.oss-cn-guangzhou.aliyuncs.com/image/migrated/010a2b529aadf846-asset-20260224195307-668v9.png
意大利,23,女,歌手,asset-20260224194719-nthjw,https://sscm-media.oss-cn-guangzhou.aliyuncs.com/image/migrated/4d2f846223cea4c3-asset-20260224194719-nthjw.png
斯里兰卡,46,女,工厂工人,asset-20260224195202-qvgbg,https://sscm-media.oss-cn-guangzhou.aliyuncs.com/image/migrated/ddc42a9f35740390-asset-20260224195202-qvgbg.png
中国,18,男,客服,asset-20260224201932-g9xdn,https://sscm-media.oss-cn-guangzhou.aliyuncs.com/image/migrated/0ca7f25d96af09d8-asset-20260224201932-g9xdn.png
巴西,23,女,银行柜员,asset-20260224202317-d2gpj,https://sscm-media.oss-cn-guangzhou.aliyuncs.com/image/migrated/95163cc5b13dab90-asset-20260224202317-d2gpj.png
土库曼斯坦,42,女,收纳整理师,asset-20260224201327-8h8mk,https://sscm-media.oss-cn-guangzhou.aliyuncs.com/image/migrated/0bb445e1c699967d-asset-20260224201327-8h8mk.png
埃塞俄比亚,40,女,会计,asset-20260224202819-h2rz7,https://sscm-media.oss-cn-guangzhou.aliyuncs.com/image/migrated/6aad8a100bc52f90-asset-20260224202819-h2rz7.png
秘鲁,22,女,药剂师,asset-20260224194609-f6q4b,https://sscm-media.oss-cn-guangzhou.aliyuncs.com/image/migrated/ee18d356ab8c3005-asset-20260224194609-f6q4b.png
墨西哥,93,女,退休人员,asset-20260224195425-sqtwr,https://sscm-media.oss-cn-guangzhou.aliyuncs.com/image/migrated/39c76c9df62dfd39-asset-20260224195425-sqtwr.png
美国,59,男,农业专家,asset-20260224200310-5rgd7,https://sscm-media.oss-cn-guangzhou.aliyuncs.com/image/migrated/034b101206fc63fa-asset-20260224200310-5rgd7.png
马来西亚,44,女,护士,asset-20260224201253-pcqc7,https://sscm-media.oss-cn-guangzhou.aliyuncs.com/image/migrated/56a021b8280e8f92-asset-20260224201253-pcqc7.png
乌兹别克斯坦,77,男,退休人员,asset-20260224202245-889r2,https://sscm-media.oss-cn-guangzhou.aliyuncs.com/image/migrated/2a5964edba03d3f2-asset-20260224202245-889r2.png
美国,21,男,服务员,asset-20260224195525-rr64b,https://sscm-media.oss-cn-guangzhou.aliyuncs.com/image/migrated/74664950359c4072-asset-20260224195525-rr64b.png
斯里兰卡,32,女,瑜伽/普拉提教练,asset-20260224194724-gkkp9,https://sscm-media.oss-cn-guangzhou.aliyuncs.com/image/migrated/3928d167dd9dba3d-asset-20260224194724-gkkp9.png
乌兹别克斯坦,32,女,店员/收银员,asset-20260224200708-n4c47,https://sscm-media.oss-cn-guangzhou.aliyuncs.com/image/migrated/2685c4237c301fa5-asset-20260224200708-n4c47.png
刚果（金）,18,女,网红/主播,asset-20260224202648-44gkb,https://sscm-media.oss-cn-guangzhou.aliyuncs.com/image/migrated/7cac6c5767b38500-asset-20260224202648-44gkb.png
阿塞拜疆,23,男,设计师,asset-20260224195823-xrxjv,https://sscm-media.oss-cn-guangzhou.aliyuncs.com/image/migrated/c7cafd4472ee6f7e-asset-20260224195823-xrxjv.png
意大利,33,女,客服,asset-20260224194541-t5wm4,https://sscm-media.oss-cn-guangzhou.aliyuncs.com/image/migrated/9524249cf5e39c1e-asset-20260224194541-t5wm4.png
巴西,36,男,水产养殖员,asset-20260224203429-jj657,https://sscm-media.oss-cn-guangzhou.aliyuncs.com/image/migrated/64f3d45719ce35c8-asset-20260224203429-jj657.png
中国,36,女,外卖员,asset-20260224201144-tlqgl,https://sscm-media.oss-cn-guangzhou.aliyuncs.com/image/migrated/10b49e72eb8909a3-asset-20260224201144-tlqgl.png
巴基斯坦,33,男,律师,asset-20260224200016-jmgk5,https://sscm-media.oss-cn-guangzhou.aliyuncs.com/image/migrated/1bf4de51fb6f062f-asset-20260224200016-jmgk5.png
委内瑞拉,28,男,设计师,asset-20260224203253-n75tr,https://sscm-media.oss-cn-guangzhou.aliyuncs.com/image/migrated/40db3bd29588f060-asset-20260224203253-n75tr.png
墨西哥,53,男,建筑师,asset-20260224200238-zx297,https://sscm-media.oss-cn-guangzhou.aliyuncs.com/image/migrated/3ea756932bea37ce-asset-20260224200238-zx297.png
法国,24,女,多肉/花卉种植员,asset-20260224194525-4jwd9,https://sscm-media.oss-cn-guangzhou.aliyuncs.com/image/migrated/5de5cc2f9945f766-asset-20260224194525-4jwd9.png
意大利,33,男,模特,asset-20260224195541-kqxv7,https://sscm-media.oss-cn-guangzhou.aliyuncs.com/image/migrated/0619d99ac270246c-asset-20260224195541-kqxv7.png
中国,24,男,销售,asset-20260224201554-zrdr6,https://sscm-media.oss-cn-guangzhou.aliyuncs.com/image/migrated/c0a3364225ffc190-asset-20260224201554-zrdr6.png
中国,20,男,农民,asset-20260224201537-4hvpf,https://sscm-media.oss-cn-guangzhou.aliyuncs.com/image/migrated/d833f4fe08e18a78-asset-20260224201537-4hvpf.png
巴西,31,女,银行柜员,asset-20260224194724-8rkpl,https://sscm-media.oss-cn-guangzhou.aliyuncs.com/image/migrated/7ec81d5208acbce1-asset-20260224194724-8rkpl.png
吉尔吉斯斯坦,35,女,模特,asset-20260224200527-jlsps,https://sscm-media.oss-cn-guangzhou.aliyuncs.com/image/migrated/cb85755ab198855f-asset-20260224200527-jlsps.png
中国,41,男,收纳整理师,asset-20260224202159-6qrpj,https://sscm-media.oss-cn-guangzhou.aliyuncs.com/image/migrated/aba628b0e2240c15-asset-20260224202159-6qrpj.png
中国,23,男,咖啡师,asset-20260224201846-cnzmb,https://sscm-media.oss-cn-guangzhou.aliyuncs.com/image/migrated/cae0c73071a9db3c-asset-20260224201846-cnzmb.png
西班牙,20,女,模特,asset-20260224195017-xvlvb,https://sscm-media.oss-cn-guangzhou.aliyuncs.com/image/migrated/a8a2df30716aeb5e-asset-20260224195017-xvlvb.png
克罗地亚,92,女,退休人员,asset-20260224195439-kwllz,https://sscm-media.oss-cn-guangzhou.aliyuncs.com/image/migrated/0d5121d135ed12cb-asset-20260224195439-kwllz.png
美国,19,女,理发师,asset-20260224202620-4hbph,https://sscm-media.oss-cn-guangzhou.aliyuncs.com/image/migrated/1cdf4c9f3116eaf4-asset-20260224202620-4hbph.png
博茨瓦纳,48,男,农民,asset-20260224203428-jzwzm,https://sscm-media.oss-cn-guangzhou.aliyuncs.com/image/migrated/7d659e5ffbf4d324-asset-20260224203428-jzwzm.png
中国,23,女,投资银行家/基金经理,asset-20260224200916-rz5nm,https://sscm-media.oss-cn-guangzhou.aliyuncs.com/image/migrated/f642f718a333b7e4-asset-20260224200916-rz5nm.png
巴西,39,男,歌手,asset-20260224203422-bh4nl,https://sscm-media.oss-cn-guangzhou.aliyuncs.com/image/migrated/d71e047746f2fb33-asset-20260224203422-bh4nl.png
西班牙,31,女,店员/收银员,asset-20260224194444-4g6vp,https://sscm-media.oss-cn-guangzhou.aliyuncs.com/image/migrated/2cf0f4311e522efb-asset-20260224194444-4g6vp.png
中国,20,女,客服,asset-20260224200807-zwbdv,https://sscm-media.oss-cn-guangzhou.aliyuncs.com/image/migrated/fc54818dc929993c-asset-20260224200807-zwbdv.png
秘鲁,29,女,歌手,asset-20260224194547-4cfgh,https://sscm-media.oss-cn-guangzhou.aliyuncs.com/image/migrated/c623b73bcd9938b1-asset-20260224194547-4cfgh.png
乌拉圭,65,男,工程师,asset-20260224200302-2cjxr,https://sscm-media.oss-cn-guangzhou.aliyuncs.com/image/migrated/6416054aa52099c8-asset-20260224200302-2cjxr.png
委内瑞拉,55,女,理发师,asset-20260224201347-9kjps,https://sscm-media.oss-cn-guangzhou.aliyuncs.com/image/migrated/d7bc7aeaacd63ce1-asset-20260224201347-9kjps.png
菲律宾,55,女,保洁员,asset-20260224201119-78sz7,https://sscm-media.oss-cn-guangzhou.aliyuncs.com/image/migrated/c18b8a94d7895b05-asset-20260224201119-78sz7.png
日本,97,女,退休人员,asset-20260224201517-pqj5r,https://sscm-media.oss-cn-guangzhou.aliyuncs.com/image/migrated/5adec8c3b148fb25-asset-20260224201517-pqj5r.png
乌兹别克斯坦,43,女,歌手,asset-20260224201350-gzwpd,https://sscm-media.oss-cn-guangzhou.aliyuncs.com/image/migrated/452cdd868241ab48-asset-20260224201350-gzwpd.png
博茨瓦纳,48,女,歌手,asset-20260224202755-86j8d,https://sscm-media.oss-cn-guangzhou.aliyuncs.com/image/migrated/b7a2fe4382f72c42-asset-20260224202755-86j8d.png
法国,25,男,导游,asset-20260224203223-8d7c8,https://sscm-media.oss-cn-guangzhou.aliyuncs.com/image/migrated/06656d92e49cc2f7-asset-20260224203223-8d7c8.png
葡萄牙,27,男,外贸业务员,asset-20260224195921-nhkts,https://sscm-media.oss-cn-guangzhou.aliyuncs.com/image/migrated/ac998d091469d1b5-asset-20260224195921-nhkts.png
俄罗斯,32,男,记者/媒体人,asset-20260224200014-xwrmd,https://sscm-media.oss-cn-guangzhou.aliyuncs.com/image/migrated/caf9b70bb8c35756-asset-20260224200014-xwrmd.png
伊朗,52,女,保险业务员,asset-20260224195332-hlvfg,https://sscm-media.oss-cn-guangzhou.aliyuncs.com/image/migrated/5159dc38d19abf72-asset-20260224195332-hlvfg.png
日本,27,男,网红/主播,asset-20260224201532-htctj,https://sscm-media.oss-cn-guangzhou.aliyuncs.com/image/migrated/17798dcd8cd9eb38-asset-20260224201532-htctj.png
哥伦比亚,41,女,店员/收银员,asset-20260224202812-j4f4m,https://sscm-media.oss-cn-guangzhou.aliyuncs.com/image/migrated/55a9937b455e301c-asset-20260224202812-j4f4m.png
印度尼西亚,34,男,司机/货车司机,asset-20260224201806-s87j4,https://sscm-media.oss-cn-guangzhou.aliyuncs.com/image/migrated/0aec44e05a874cc2-asset-20260224201806-s87j4.png
土耳其,22,男,网约车司机,asset-20260224195610-h2cgk,https://sscm-media.oss-cn-guangzhou.aliyuncs.com/image/migrated/1598ae16c9099a2c-asset-20260224195610-h2cgk.png
挪威,52,男,外贸业务员,asset-20260224200058-drpzk,https://sscm-media.oss-cn-guangzhou.aliyuncs.com/image/migrated/98550319bc2a19bb-asset-20260224200058-drpzk.png
沙特阿拉伯,31,女,客服,asset-20260224194906-5rkwg,https://sscm-media.oss-cn-guangzhou.aliyuncs.com/image/migrated/4feb8b8a6ac4d947-asset-20260224194906-5rkwg.png
津巴布韦,23,男,保安,asset-20260224203211-ttt5t,https://sscm-media.oss-cn-guangzhou.aliyuncs.com/image/migrated/aa1afc65486c0473-asset-20260224203211-ttt5t.png
马来西亚,29,女,保险业务员,asset-20260224200701-wwfkg,https://sscm-media.oss-cn-guangzhou.aliyuncs.com/image/migrated/b7fcf271fdabcd84-asset-20260224200701-wwfkg.png
波兰,32,男,挖掘机司机/塔吊司机,asset-20260224195846-pqchb,https://sscm-media.oss-cn-guangzhou.aliyuncs.com/image/migrated/780f968fe3d34af0-asset-20260224195846-pqchb.png
埃塞俄比亚,39,男,农民,asset-20260224203434-qmfd2,https://sscm-media.oss-cn-guangzhou.aliyuncs.com/image/migrated/8e19b5c605f45ac0-asset-20260224203434-qmfd2.png
印度尼西亚,25,男,外卖员,asset-20260224201805-kz2rr,https://sscm-media.oss-cn-guangzhou.aliyuncs.com/image/migrated/8f33de9afd2256c8-asset-20260224201805-kz2rr.png
保加利亚,45,女,企业家/CEO,asset-20260224195206-z9b4g,https://sscm-media.oss-cn-guangzhou.aliyuncs.com/image/migrated/0e11af1c8e5db01f-asset-20260224195206-z9b4g.png
巴布亚新几内亚,31,男,小贩/摊贩,asset-20260224203224-45js9,https://sscm-media.oss-cn-guangzhou.aliyuncs.com/image/migrated/aa4d2757a8f6c443-asset-20260224203224-45js9.png
中国,24,女,文员/行政,asset-20260224200708-njlkj,https://sscm-media.oss-cn-guangzhou.aliyuncs.com/image/migrated/c4114385abfbd943-asset-20260224200708-njlkj.png
古巴,45,男,心理咨询师,asset-20260224203348-hr5xh,https://sscm-media.oss-cn-guangzhou.aliyuncs.com/image/migrated/f89eb92f8cf27bcb-asset-20260224203348-hr5xh.png
墨西哥,65,女,护士,asset-20260224201417-88db5,https://sscm-media.oss-cn-guangzhou.aliyuncs.com/image/migrated/b46d8ab5db0c390c-asset-20260224201417-88db5.png
西班牙,31,女,歌手,asset-20260224194840-c5hmg,https://sscm-media.oss-cn-guangzhou.aliyuncs.com/image/migrated/f9a752991ee5ff94-asset-20260224194840-c5hmg.png
意大利,29,男,快递员,asset-20260224195814-r78dw,https://sscm-media.oss-cn-guangzhou.aliyuncs.com/image/migrated/fa71cef263180674-asset-20260224195814-r78dw.png
刚果（布）,36,女,多肉/花卉种植员,asset-20260224202740-tdxfn,https://sscm-media.oss-cn-guangzhou.aliyuncs.com/image/migrated/18705cb1decce7d2-asset-20260224202740-tdxfn.png
中国,33,男,渔民,asset-20260224201838-gmp74,https://sscm-media.oss-cn-guangzhou.aliyuncs.com/image/migrated/305a4cce4821d7c4-asset-20260224201838-gmp74.png
俄罗斯,54,男,教师,asset-20260224200117-8sw84,https://sscm-media.oss-cn-guangzhou.aliyuncs.com/image/migrated/440b41ce3eaa430c-asset-20260224200117-8sw84.png
俄罗斯,18,男,理发师,asset-20260224195954-5kxq5,https://sscm-media.oss-cn-guangzhou.aliyuncs.com/image/migrated/17b75d2fb32235cf-asset-20260224195954-5kxq5.png
保加利亚,25,女,文员/行政,asset-20260224194726-gwm86,https://sscm-media.oss-cn-guangzhou.aliyuncs.com/image/migrated/defad7b172b94753-asset-20260224194726-gwm86.png
缅甸,68,女,大学教授,asset-20260224201435-r98f6,https://sscm-media.oss-cn-guangzhou.aliyuncs.com/image/migrated/939db26f650245dc-asset-20260224201435-r98f6.png
吉尔吉斯斯坦,47,女,建筑师,asset-20260224201250-pj8kv,https://sscm-media.oss-cn-guangzhou.aliyuncs.com/image/migrated/139820d86ad82642-asset-20260224201250-pj8kv.png
美国,19,男,导游,asset-20260224195851-7gpft,https://sscm-media.oss-cn-guangzhou.aliyuncs.com/image/migrated/8e132f1cd5e3c134-asset-20260224195851-7gpft.png
墨西哥,28,女,导游,asset-20260224200708-nv9bf,https://sscm-media.oss-cn-guangzhou.aliyuncs.com/image/migrated/20824a42e8e2927e-asset-20260224200708-nv9bf.png
南非,26,女,理发师,asset-20260224194458-bhf2m,https://sscm-media.oss-cn-guangzhou.aliyuncs.com/image/migrated/a17c63397662f450-asset-20260224194458-bhf2m.png
海地,95,女,退休人员,asset-20260224203044-vsvf9,https://sscm-media.oss-cn-guangzhou.aliyuncs.com/image/migrated/1ba98ffd727acabb-asset-20260224203044-vsvf9.png
美国,56,女,店员/收银员,asset-20260224201453-9gq96,https://sscm-media.oss-cn-guangzhou.aliyuncs.com/image/migrated/e7b569c091dc584c-asset-20260224201453-9gq96.png
阿根廷,34,男,网约车司机,asset-20260224202024-w4rvj,https://sscm-media.oss-cn-guangzhou.aliyuncs.com/image/migrated/d8a9ae1113fce757-asset-20260224202024-w4rvj.png
加拿大,18,男,企业家/CEO,asset-20260224195602-bllxx,https://sscm-media.oss-cn-guangzhou.aliyuncs.com/image/migrated/cd5ada3ead5647bd-asset-20260224195602-bllxx.png
中国,33,女,护士,asset-20260224200544-j75zq,https://sscm-media.oss-cn-guangzhou.aliyuncs.com/image/migrated/7794a3c0e771d188-asset-20260224200544-j75zq.png
中国,90,男,退休人员,asset-20260224202235-b5jsl,https://sscm-media.oss-cn-guangzhou.aliyuncs.com/image/migrated/758885ebecc44079-asset-20260224202235-b5jsl.png
法国,51,女,程序员,asset-20260224195330-54b2r,https://sscm-media.oss-cn-guangzhou.aliyuncs.com/image/migrated/78997ab3be255cc1-asset-20260224195330-54b2r.png
刚果（金）,35,男,歌手,asset-20260224203310-fzmx5,https://sscm-media.oss-cn-guangzhou.aliyuncs.com/image/migrated/f2cf44dda9d0d06c-asset-20260224203310-fzmx5.png
中国,57,女,客服,asset-20260224201437-6gg6w,https://sscm-media.oss-cn-guangzhou.aliyuncs.com/image/migrated/f51224b867f53f74-asset-20260224201437-6gg6w.png
意大利,69,男,木匠,asset-20260224200249-l7p6x,https://sscm-media.oss-cn-guangzhou.aliyuncs.com/image/migrated/9c7c26962d83ec77-asset-20260224200249-l7p6x.png
纳米比亚,32,女,护士,asset-20260224202337-zb4kf,https://sscm-media.oss-cn-guangzhou.aliyuncs.com/image/migrated/fcc571eb875ca527-asset-20260224202337-zb4kf.png
美国,25,男,屠夫,asset-20260224195751-q4kg8,https://sscm-media.oss-cn-guangzhou.aliyuncs.com/image/migrated/dec7af740f365675-asset-20260224195751-q4kg8.png
南非,52,男,修理工/水电工,asset-20260224203420-h692j,https://sscm-media.oss-cn-guangzhou.aliyuncs.com/image/migrated/e7494816323da63d-asset-20260224203420-h692j.png
尼日利亚,41,女,农业专家,asset-20260224202937-w87qh,https://sscm-media.oss-cn-guangzhou.aliyuncs.com/image/migrated/7a84d0c838e144ac-asset-20260224202937-w87qh.png
印度,24,男,养蜂人,asset-20260224195940-lzfjf,https://sscm-media.oss-cn-guangzhou.aliyuncs.com/image/migrated/63e925ce1407590d-asset-20260224195940-lzfjf.png
中国,35,女,理发师,asset-20260224200446-ml9ht,https://sscm-media.oss-cn-guangzhou.aliyuncs.com/image/migrated/81651fd4920367c2-asset-20260224200446-ml9ht.png
土耳其,18,女,保险业务员,asset-20260224194639-cdj7d,https://sscm-media.oss-cn-guangzhou.aliyuncs.com/image/migrated/ddd0d4a1cc6a02f2-asset-20260224194639-cdj7d.png
中国,23,女,保险业务员,asset-20260224200905-vhc2s,https://sscm-media.oss-cn-guangzhou.aliyuncs.com/image/migrated/4c099a4f3cc0dafc-asset-20260224200905-vhc2s.png
英国,35,女,调酒师,asset-20260224194905-4cl8s,https://sscm-media.oss-cn-guangzhou.aliyuncs.com/image/migrated/5e3938574784b452-asset-20260224194905-4cl8s.png
厄立特里亚,65,女,律师,asset-20260224203016-lg745,https://sscm-media.oss-cn-guangzhou.aliyuncs.com/image/migrated/8e7a7c43aabd9c2f-asset-20260224203016-lg745.png
阿根廷,38,女,文员/行政,asset-20260224195332-fngs8,https://sscm-media.oss-cn-guangzhou.aliyuncs.com/image/migrated/d127edf8031d4e9f-asset-20260224195332-fngs8.png
孟加拉国,29,女,店员/收银员,asset-20260224194653-bxwqk,https://sscm-media.oss-cn-guangzhou.aliyuncs.com/image/migrated/cc54ec1a486671e9-asset-20260224194653-bxwqk.png
厄立特里亚,28,女,文员/行政,asset-20260224202547-84fdw,https://sscm-media.oss-cn-guangzhou.aliyuncs.com/image/migrated/b2a6e19a89d16269-asset-20260224202547-84fdw.png
加拿大,53,女,作家,asset-20260224201358-rb5jr,https://sscm-media.oss-cn-guangzhou.aliyuncs.com/image/migrated/6ca0cf83680d9489-asset-20260224201358-rb5jr.png
尼日利亚,48,女,农业专家,asset-20260224202708-zcctn,https://sscm-media.oss-cn-guangzhou.aliyuncs.com/image/migrated/5796dd0a528a2a94-asset-20260224202708-zcctn.png
秘鲁,22,男,服务员,asset-20260224195824-lcgvb,https://sscm-media.oss-cn-guangzhou.aliyuncs.com/image/migrated/83cbad02b83f7ecd-asset-20260224195824-lcgvb.png
沙特阿拉伯,22,女,外贸业务员,asset-20260224194754-qwr44,https://sscm-media.oss-cn-guangzhou.aliyuncs.com/image/migrated/812c67ed3212fade-asset-20260224194754-qwr44.png
中国,29,女,电竞选手,asset-20260224200859-qsrtp,https://sscm-media.oss-cn-guangzhou.aliyuncs.com/image/migrated/9279f7e3dcca61e3-asset-20260224200859-qsrtp.png
菲律宾,31,女,调酒师,asset-20260224200628-dlfmj,https://sscm-media.oss-cn-guangzhou.aliyuncs.com/image/migrated/b65289f538bbadf3-asset-20260224200628-dlfmj.png
阿根廷,23,男,理发师,asset-20260224195512-c2svx,https://sscm-media.oss-cn-guangzhou.aliyuncs.com/image/migrated/056c62e93951b40b-asset-20260224195512-c2svx.png
古巴,47,女,模特,asset-20260224202714-nl87f,https://sscm-media.oss-cn-guangzhou.aliyuncs.com/image/migrated/b1219ed53d7ae562-asset-20260224202714-nl87f.png
日本,29,男,果农,asset-20260224201802-dt2cc,https://sscm-media.oss-cn-guangzhou.aliyuncs.com/image/migrated/9746e082f624a8b7-asset-20260224201802-dt2cc.png
吉尔吉斯斯坦,34,女,银行柜员,asset-20260224200752-4fzxs,https://sscm-media.oss-cn-guangzhou.aliyuncs.com/image/migrated/5dde33261dc3c769-asset-20260224200752-4fzxs.png
秘鲁,36,男,程序员,asset-20260224200108-b6kkn,https://sscm-media.oss-cn-guangzhou.aliyuncs.com/image/migrated/165da227916d866a-asset-20260224200108-b6kkn.png
挪威,39,男,快递员,asset-20260224200140-dmlzq,https://sscm-media.oss-cn-guangzhou.aliyuncs.com/image/migrated/e72d844b95621705-asset-20260224200140-dmlzq.png
俄罗斯,47,女,护工/家政工,asset-20260224201346-gd6zf,https://sscm-media.oss-cn-guangzhou.aliyuncs.com/image/migrated/227e99ea222ea9a7-asset-20260224201346-gd6zf.png
西班牙,18,男,木匠,asset-20260224195844-zdrw7,https://sscm-media.oss-cn-guangzhou.aliyuncs.com/image/migrated/cbf7be3d39f9de08-asset-20260224195844-zdrw7.png
尼泊尔,40,男,工程师,asset-20260224202104-fxh5p,https://sscm-media.oss-cn-guangzhou.aliyuncs.com/image/migrated/2486d14395f6bf7e-asset-20260224202104-fxh5p.png
美国,45,男,宠物美容师,asset-20260224200141-zvvt6,https://sscm-media.oss-cn-guangzhou.aliyuncs.com/image/migrated/f1315760f83127aa-asset-20260224200141-zvvt6.png
印度尼西亚,55,女,文员/行政,asset-20260224201133-ch877,https://sscm-media.oss-cn-guangzhou.aliyuncs.com/image/migrated/94c182d8c8744a24-asset-20260224201133-ch877.png
阿根廷,18,女,企业家/CEO,asset-20260224200653-47pgx,https://sscm-media.oss-cn-guangzhou.aliyuncs.com/image/migrated/087027cbe21e6c1f-asset-20260224200653-47pgx.png
罗马尼亚,23,男,外科医生,asset-20260224195908-2r8xh,https://sscm-media.oss-cn-guangzhou.aliyuncs.com/image/migrated/169fd836f7be638f-asset-20260224195908-2r8xh.png
中国,34,女,美甲师,asset-20260224201002-48tnz,https://sscm-media.oss-cn-guangzhou.aliyuncs.com/image/migrated/08c2bc01c3640e5c-asset-20260224201002-48tnz.png
乌兹别克斯坦,23,女,工厂工人,asset-20260224200612-j5mbf,https://sscm-media.oss-cn-guangzhou.aliyuncs.com/image/migrated/6c20316f81bc8e49-asset-20260224200612-j5mbf.png
不丹,35,男,小贩/摊贩,asset-20260224201713-9mpnq,https://sscm-media.oss-cn-guangzhou.aliyuncs.com/image/migrated/17bd2f6dde7a2c7e-asset-20260224201713-9mpnq.png
菲律宾,29,女,健身教练,asset-20260224201011-48tls,https://sscm-media.oss-cn-guangzhou.aliyuncs.com/image/migrated/2c98f990d13fcc49-asset-20260224201011-48tls.png
中国,44,女,银行柜员,asset-20260224201132-84cc9,https://sscm-media.oss-cn-guangzhou.aliyuncs.com/image/migrated/70b7e4ef927dc99d-asset-20260224201132-84cc9.png
日本,27,男,外卖员,asset-20260224201901-thxsl,https://sscm-media.oss-cn-guangzhou.aliyuncs.com/image/migrated/7de50b278ce0d027-asset-20260224201901-thxsl.png
莫桑比克,41,女,外贸业务员,asset-20260224202942-n6xdm,https://sscm-media.oss-cn-guangzhou.aliyuncs.com/image/migrated/9454013cb0b38aa1-asset-20260224202942-n6xdm.png
中国,81,女,退休人员,asset-20260224201506-fbm2q,https://sscm-media.oss-cn-guangzhou.aliyuncs.com/image/migrated/b6e24110264b4a9b-asset-20260224201506-fbm2q.png
中国,32,男,网红/主播,asset-20260224201954-dmfq8,https://sscm-media.oss-cn-guangzhou.aliyuncs.com/image/migrated/b65cff3d7dcea5e5-asset-20260224201954-dmfq8.png
菲律宾,23,女,婚礼策划师,asset-20260224200430-zg5ws,https://sscm-media.oss-cn-guangzhou.aliyuncs.com/image/migrated/68a7814d183d681b-asset-20260224200430-zg5ws.png
玻利维亚,27,女,科学家/研究员,asset-20260224195000-hjgrn,https://sscm-media.oss-cn-guangzhou.aliyuncs.com/image/migrated/ce73a089d64a7073-asset-20260224195000-hjgrn.png
中国,49,男,程序员,asset-20260224202136-qjwp7,https://sscm-media.oss-cn-guangzhou.aliyuncs.com/image/migrated/4caee964aa4e54b5-asset-20260224202136-qjwp7.png
法国,28,男,DJ/音乐制作人,asset-20260224195850-xcr2r,https://sscm-media.oss-cn-guangzhou.aliyuncs.com/image/migrated/fb1cebbe4ce5b2cb-asset-20260224195850-xcr2r.png
委内瑞拉,81,女,退休人员,asset-20260224195455-sw5bp,https://sscm-media.oss-cn-guangzhou.aliyuncs.com/image/migrated/710af8d5cf041d1f-asset-20260224195455-sw5bp.png
俄罗斯,50,女,银行柜员,asset-20260224201229-lcmbf,https://sscm-media.oss-cn-guangzhou.aliyuncs.com/image/migrated/c4a5690da6e7f04b-asset-20260224201229-lcmbf.png
马达加斯加,18,男,网约车司机,asset-20260224203256-6kc4p,https://sscm-media.oss-cn-guangzhou.aliyuncs.com/image/migrated/20490d458b44bb15-asset-20260224203256-6kc4p.png
中国,55,女,医生,asset-20260224201257-mts5v,https://sscm-media.oss-cn-guangzhou.aliyuncs.com/image/migrated/a5ff099011de5436-asset-20260224201257-mts5v.png
泰国,21,男,矿工,asset-20260224201954-zdk7m,https://sscm-media.oss-cn-guangzhou.aliyuncs.com/image/migrated/2631654a2c4fcffc-asset-20260224201954-zdk7m.png
中国,90,男,退休人员,asset-20260224202249-m6ztf,https://sscm-media.oss-cn-guangzhou.aliyuncs.com/image/migrated/e1b7d3ced4418686-asset-20260224202249-m6ztf.png
肯尼亚,54,男,程序员,asset-20260224203433-m4fsd,https://sscm-media.oss-cn-guangzhou.aliyuncs.com/image/migrated/e4ae3f3b5e710fee-asset-20260224203433-m4fsd.png
德国,38,女,程序员,asset-20260224195228-xbh6l,https://sscm-media.oss-cn-guangzhou.aliyuncs.com/image/migrated/a304ac9e206212ee-asset-20260224195228-xbh6l.png
亚美尼亚,44,男,医生,asset-20260224200105-wn74h,https://sscm-media.oss-cn-guangzhou.aliyuncs.com/image/migrated/60e0df6d5cf88da8-asset-20260224200105-wn74h.png
俄罗斯,40,女,茶艺师,asset-20260224195304-d4p95,https://sscm-media.oss-cn-guangzhou.aliyuncs.com/image/migrated/f4752c2d4d79ea95-asset-20260224195304-d4p95.png
加拿大,20,男,渔民,asset-20260224195907-tvg4c,https://sscm-media.oss-cn-guangzhou.aliyuncs.com/image/migrated/061d8ed07bcb97ca-asset-20260224195907-tvg4c.png
土耳其,48,男,医生,asset-20260224200122-zv4hq,https://sscm-media.oss-cn-guangzhou.aliyuncs.com/image/migrated/cfafc268a8cfcf2b-asset-20260224200122-zv4hq.png
法国,64,女,退休人员,asset-20260224195418-svtcb,https://sscm-media.oss-cn-guangzhou.aliyuncs.com/image/migrated/ce73f88ab7661de4-asset-20260224195418-svtcb.png
印度尼西亚,53,男,企业高管,asset-20260224202149-9l9zr,https://sscm-media.oss-cn-guangzhou.aliyuncs.com/image/migrated/c2f3a0cd5e942c75-asset-20260224202149-9l9zr.png
日本,18,男,导游,asset-20260224201643-pwpzc,https://sscm-media.oss-cn-guangzhou.aliyuncs.com/image/migrated/0521b60a4ce1d85e-asset-20260224201643-pwpzc.png
亚美尼亚,46,女,歌手,asset-20260224195156-7l658,https://sscm-media.oss-cn-guangzhou.aliyuncs.com/image/migrated/19a646989cd2b355-asset-20260224195156-7l658.png
伊朗,57,女,护士,asset-20260224195402-75wb8,https://sscm-media.oss-cn-guangzhou.aliyuncs.com/image/migrated/3d34606f927cdf02-asset-20260224195402-75wb8.png
巴西,33,女,文员/行政,asset-20260224200628-vq97b,https://sscm-media.oss-cn-guangzhou.aliyuncs.com/image/migrated/75641153573097d5-asset-20260224200628-vq97b.png
捷克,60,女,保洁员,asset-20260224195406-ldnsx,https://sscm-media.oss-cn-guangzhou.aliyuncs.com/image/migrated/9278555aac69144d-asset-20260224195406-ldnsx.png
格鲁吉亚,50,女,茶艺师,asset-20260224195318-j4v29,https://sscm-media.oss-cn-guangzhou.aliyuncs.com/image/migrated/8fb5f1dd814ecd4c-asset-20260224195318-j4v29.png
牙买加,34,女,银行柜员,asset-20260224202553-vblpg,https://sscm-media.oss-cn-guangzhou.aliyuncs.com/image/migrated/756eedc823bb0ee7-asset-20260224202553-vblpg.png
法国,34,女,网约车司机,asset-20260224194702-znswd,https://sscm-media.oss-cn-guangzhou.aliyuncs.com/image/migrated/6c471fc76f4b2320-asset-20260224194702-znswd.png
中国,24,男,渔民,asset-20260224201730-d4p9n,https://sscm-media.oss-cn-guangzhou.aliyuncs.com/image/migrated/c8481b31910425c1-asset-20260224201730-d4p9n.png
美国,23,男,农民,asset-20260224201548-92sl7,https://sscm-media.oss-cn-guangzhou.aliyuncs.com/image/migrated/94a15723d95fd6f5-asset-20260224201548-92sl7.png
马来西亚,32,女,幼师,asset-20260224201023-dnwj8,https://sscm-media.oss-cn-guangzhou.aliyuncs.com/image/migrated/54c993e33bca68b7-asset-20260224201023-dnwj8.png
阿根廷,46,女,会计,asset-20260224195126-gqxds,https://sscm-media.oss-cn-guangzhou.aliyuncs.com/image/migrated/3fd387e942a0050d-asset-20260224195126-gqxds.png
日本,26,女,收纳整理师,asset-20260224200903-j6qfz,https://sscm-media.oss-cn-guangzhou.aliyuncs.com/image/migrated/301337eefa79934b-asset-20260224200903-j6qfz.png
埃塞俄比亚,23,女,护工/家政工,asset-20260224202656-mq86n,https://sscm-media.oss-cn-guangzhou.aliyuncs.com/image/migrated/b02863823eb14b0b-asset-20260224202656-mq86n.png
尼泊尔,80,女,退休人员,asset-20260224201516-2zvdn,https://sscm-media.oss-cn-guangzhou.aliyuncs.com/image/migrated/11a2be31940435c0-asset-20260224201516-2zvdn.png
美国,21,男,电焊工,asset-20260224195759-2z7b9,https://sscm-media.oss-cn-guangzhou.aliyuncs.com/image/migrated/7b5bf7a5dc8ff780-asset-20260224195759-2z7b9.png
印度,29,女,歌手,asset-20260224194842-9n4z5,https://sscm-media.oss-cn-guangzhou.aliyuncs.com/image/migrated/67ac270a5f877fae-asset-20260224194842-9n4z5.png
意大利,40,男,医生,asset-20260224200227-rfm8s,https://sscm-media.oss-cn-guangzhou.aliyuncs.com/image/migrated/dcbd9c3be805894c-asset-20260224200227-rfm8s.png
印度尼西亚,80,女,退休人员,asset-20260224201518-r4f2f,https://sscm-media.oss-cn-guangzhou.aliyuncs.com/image/migrated/ba3a20c5ad71d6c4-asset-20260224201518-r4f2f.png
越南,28,女,网红/主播,asset-20260224200502-n8f9s,https://sscm-media.oss-cn-guangzhou.aliyuncs.com/image/migrated/bbb6609fb02b0e7d-asset-20260224200502-n8f9s.png
英国,26,男,修理工/水电工,asset-20260224195851-t7ftj,https://sscm-media.oss-cn-guangzhou.aliyuncs.com/image/migrated/ca8f60aa8c6309f7-asset-20260224195851-t7ftj.png
中国,38,女,收纳整理师,asset-20260224201333-vsk85,https://sscm-media.oss-cn-guangzhou.aliyuncs.com/image/migrated/a9a90d118b630e2e-asset-20260224201333-vsk85.png
德国,22,男,律师,asset-20260224195643-5bn7l,https://sscm-media.oss-cn-guangzhou.aliyuncs.com/image/migrated/ee6c93ca9b2c16df-asset-20260224195643-5bn7l.png
古巴,37,女,导游,asset-20260224195353-dn4vv,https://sscm-media.oss-cn-guangzhou.aliyuncs.com/image/migrated/fd690cf31983cc03-asset-20260224195353-dn4vv.png
越南,51,男,工厂工人,asset-20260224202133-lwfls,https://sscm-media.oss-cn-guangzhou.aliyuncs.com/image/migrated/6cabfc95413de073-asset-20260224202133-lwfls.png
德国,34,女,DJ/音乐制作人,asset-20260224194510-h2wbl,https://sscm-media.oss-cn-guangzhou.aliyuncs.com/image/migrated/d673418ab6d12c85-asset-20260224194510-h2wbl.png
菲律宾,37,女,环卫工人,asset-20260224201135-k6ds7,https://sscm-media.oss-cn-guangzhou.aliyuncs.com/image/migrated/4605e5f1298e9e63-asset-20260224201135-k6ds7.png
中国,27,女,瑜伽/普拉提教练,asset-20260224200436-xzbx4,https://sscm-media.oss-cn-guangzhou.aliyuncs.com/image/migrated/0b19cdba2c02b59e-asset-20260224200436-xzbx4.png
哈萨克斯坦,27,男,农民,asset-20260224195852-449nq,https://sscm-media.oss-cn-guangzhou.aliyuncs.com/image/migrated/32a17e7bab486bae-asset-20260224195852-449nq.png
厄立特里亚,28,女,瑜伽/普拉提教练,asset-20260224202702-qwkmg,https://sscm-media.oss-cn-guangzhou.aliyuncs.com/image/migrated/f4e104cf26fa86f6-asset-20260224202702-qwkmg.png
匈牙利,75,男,农民,asset-20260224200304-msqqm,https://sscm-media.oss-cn-guangzhou.aliyuncs.com/image/migrated/ee8079f247d497fd-asset-20260224200304-msqqm.png
以色列,32,男,科学家/研究员,asset-20260224195814-476hx,https://sscm-media.oss-cn-guangzhou.aliyuncs.com/image/migrated/9a578acf450993a9-asset-20260224195814-476hx.png
哥伦比亚,35,女,DJ/音乐制作人,asset-20260224194827-8967g,https://sscm-media.oss-cn-guangzhou.aliyuncs.com/image/migrated/25bfd23f63af4c84-asset-20260224194827-8967g.png
日本,48,男,快递员,asset-20260224202030-gd86l,https://sscm-media.oss-cn-guangzhou.aliyuncs.com/image/migrated/2581dbfc907853b2-asset-20260224202030-gd86l.png
中国,19,女,护工/家政工,asset-20260224201014-c6q5n,https://sscm-media.oss-cn-guangzhou.aliyuncs.com/image/migrated/20db40cabb773ade-asset-20260224201014-c6q5n.png
中国,33,男,网约车司机,asset-20260224201715-dscbq,https://sscm-media.oss-cn-guangzhou.aliyuncs.com/image/migrated/594a62d6ed17e2f1-asset-20260224201715-dscbq.png
西班牙,44,女,空姐/空少,asset-20260224195242-skhvw,https://sscm-media.oss-cn-guangzhou.aliyuncs.com/image/migrated/8d72cb36391983c9-asset-20260224195242-skhvw.png
中国,27,女,教师,asset-20260224200509-7blg5,https://sscm-media.oss-cn-guangzhou.aliyuncs.com/image/migrated/05c87066f5e383b3-asset-20260224200509-7blg5.png
中国,28,男,投资银行家/基金经理,asset-20260224201745-n6qzs,https://sscm-media.oss-cn-guangzhou.aliyuncs.com/image/migrated/194fe23c9728c68c-asset-20260224201745-n6qzs.png
马来西亚,35,男,程序员,asset-20260224201941-xp6gs,https://sscm-media.oss-cn-guangzhou.aliyuncs.com/image/migrated/83ed169cd2de33ca-asset-20260224201941-xp6gs.png
中国,28,男,司机/货车司机,asset-20260224201831-g2nl6,https://sscm-media.oss-cn-guangzhou.aliyuncs.com/image/migrated/ef419cc4d53f78bc-asset-20260224201831-g2nl6.png
哥伦比亚,21,男,工厂工人,asset-20260224201739-5bh2v,https://sscm-media.oss-cn-guangzhou.aliyuncs.com/image/migrated/9197f30c0c2a5d30-asset-20260224201739-5bh2v.png
埃塞俄比亚,21,男,小贩/摊贩,asset-20260224203204-lvt4h,https://sscm-media.oss-cn-guangzhou.aliyuncs.com/image/migrated/48683fbff0f92706-asset-20260224203204-lvt4h.png
中国,44,男,养蜂人,asset-20260224202027-2lbwt,https://sscm-media.oss-cn-guangzhou.aliyuncs.com/image/migrated/00f6b40a38e914d0-asset-20260224202027-2lbwt.png
尼日利亚,26,女,画家/艺术家,asset-20260224202537-zc64v,https://sscm-media.oss-cn-guangzhou.aliyuncs.com/image/migrated/f8c73c37798ac810-asset-20260224202537-zc64v.png
刚果（布）,45,男,摄影师,asset-20260224203420-2xvm8,https://sscm-media.oss-cn-guangzhou.aliyuncs.com/image/migrated/d97c56098f499984-asset-20260224203420-2xvm8.png
中国,34,男,厨师,asset-20260224201653-whtlk,https://sscm-media.oss-cn-guangzhou.aliyuncs.com/image/migrated/0ff775e0308514b0-asset-20260224201653-whtlk.png
贝宁,48,女,企业高管,asset-20260224202838-wdw2n,https://sscm-media.oss-cn-guangzhou.aliyuncs.com/image/migrated/ad3be9d73b87c2e0-asset-20260224202838-wdw2n.png
意大利,20,男,健身教练,asset-20260224195605-zdb74,https://sscm-media.oss-cn-guangzhou.aliyuncs.com/image/migrated/c0666b95cbd73c70-asset-20260224195605-zdb74.png
中国,27,男,搬运工,asset-20260224201532-tzwd4,https://sscm-media.oss-cn-guangzhou.aliyuncs.com/image/migrated/30f928380499c9d3-asset-20260224201532-tzwd4.png
爱尔兰,54,女,记者/媒体人,asset-20260224195334-fq4pf,https://sscm-media.oss-cn-guangzhou.aliyuncs.com/image/migrated/8b8884fef67233a9-asset-20260224195334-fq4pf.png
中国,93,女,退休人员,asset-20260224201457-d4pbj,https://sscm-media.oss-cn-guangzhou.aliyuncs.com/image/migrated/214b6e5a4c8cfa7e-asset-20260224201457-d4pbj.png
巴西,30,女,公务员,asset-20260224202430-68snb,https://sscm-media.oss-cn-guangzhou.aliyuncs.com/image/migrated/6cc5b684273ca8c2-asset-20260224202430-68snb.png
刚果（布）,45,女,健身教练,asset-20260224202709-qf9mz,https://sscm-media.oss-cn-guangzhou.aliyuncs.com/image/migrated/18b45c92377a88d1-asset-20260224202709-qf9mz.png
中国,37,男,教师,asset-20260224202206-gr5bs,https://sscm-media.oss-cn-guangzhou.aliyuncs.com/image/migrated/3a2bc284ca99ed0d-asset-20260224202206-gr5bs.png
老挝,32,女,服务员,asset-20260224200518-spmrg,https://sscm-media.oss-cn-guangzhou.aliyuncs.com/image/migrated/9bf5a4ccbc368389-asset-20260224200518-spmrg.png
土耳其,41,男,渔民,asset-20260224200043-mz7xd,https://sscm-media.oss-cn-guangzhou.aliyuncs.com/image/migrated/be8aefbc517956ae-asset-20260224200043-mz7xd.png
阿根廷,23,男,房产中介,asset-20260224195802-8vfkk,https://sscm-media.oss-cn-guangzhou.aliyuncs.com/image/migrated/de53ec9ac307fdd3-asset-20260224195802-8vfkk.png
土耳其,42,女,婚礼策划师,asset-20260224195136-495vm,https://sscm-media.oss-cn-guangzhou.aliyuncs.com/image/migrated/0029c469fad53a8e-asset-20260224195136-495vm.png
韩国,23,男,理发师,asset-20260224202011-mrfql,https://sscm-media.oss-cn-guangzhou.aliyuncs.com/image/migrated/874415d1b5744a51-asset-20260224202011-mrfql.png
秘鲁,28,男,大学生,asset-20260224203249-dn6qf,https://sscm-media.oss-cn-guangzhou.aliyuncs.com/image/migrated/d3074aa7dea0d8e4-asset-20260224203249-dn6qf.png
德国,23,女,外贸业务员,asset-20260224194655-wrgfs,https://sscm-media.oss-cn-guangzhou.aliyuncs.com/image/migrated/f7cbe3024e83ee00-asset-20260224194655-wrgfs.png
尼泊尔,21,女,瑜伽/普拉提教练,asset-20260224200729-92dfq,https://sscm-media.oss-cn-guangzhou.aliyuncs.com/image/migrated/4557330a35734054-asset-20260224200729-92dfq.png
挪威,24,男,司机/货车司机,asset-20260224195520-p5mdp,https://sscm-media.oss-cn-guangzhou.aliyuncs.com/image/migrated/2e51effb903ca3f9-asset-20260224195520-p5mdp.png
印度,52,女,客服,asset-20260224195212-4n445,https://sscm-media.oss-cn-guangzhou.aliyuncs.com/image/migrated/be25d488ccc37741-asset-20260224195212-4n445.png
古巴,89,男,退休人员,asset-20260224203456-nv28v,https://sscm-media.oss-cn-guangzhou.aliyuncs.com/image/migrated/ed7bb5a84855f7bb-asset-20260224203456-nv28v.png
亚美尼亚,42,女,环卫工人,asset-20260224195057-ldl8c,https://sscm-media.oss-cn-guangzhou.aliyuncs.com/image/migrated/f006af1742b7e87f-asset-20260224195057-ldl8c.png
孟加拉国,30,女,护工/家政工,asset-20260224194718-5fd2k,https://sscm-media.oss-cn-guangzhou.aliyuncs.com/image/migrated/9a19ded197d940d2-asset-20260224194718-5fd2k.png
墨西哥,33,女,教师,asset-20260224194846-kn4ng,https://sscm-media.oss-cn-guangzhou.aliyuncs.com/image/migrated/b27bb133ebae47c4-asset-20260224194846-kn4ng.png
尼泊尔,22,女,工厂工人,asset-20260224200840-6j4fs,https://sscm-media.oss-cn-guangzhou.aliyuncs.com/image/migrated/ac9775d87bcff5db-asset-20260224200840-6j4fs.png
尼日利亚,35,男,大学教授,asset-20260224203135-pl4nw,https://sscm-media.oss-cn-guangzhou.aliyuncs.com/image/migrated/914aab3b3e7fd02f-asset-20260224203135-pl4nw.png
孟加拉国,20,男,网约车司机,asset-20260224195915-wzzmg,https://sscm-media.oss-cn-guangzhou.aliyuncs.com/image/migrated/1bae4f00c94ebb60-asset-20260224195915-wzzmg.png
中国,46,男,木匠,asset-20260224202154-n88ch,https://sscm-media.oss-cn-guangzhou.aliyuncs.com/image/migrated/a46c6a7671e4a308-asset-20260224202154-n88ch.png
中国,19,女,小贩/摊贩,asset-20260224200516-w9x8t,https://sscm-media.oss-cn-guangzhou.aliyuncs.com/image/migrated/bbcfff4cd3805b95-asset-20260224200516-w9x8t.png
中国,23,男,导游,asset-20260224201658-vk72z,https://sscm-media.oss-cn-guangzhou.aliyuncs.com/image/migrated/73c6d5811cf78e14-asset-20260224201658-vk72z.png
中国,30,男,记者/媒体人,asset-20260224202021-djg9p,https://sscm-media.oss-cn-guangzhou.aliyuncs.com/image/migrated/6afbeaa175f5fcd9-asset-20260224202021-djg9p.png
乌兹别克斯坦,52,女,客服,asset-20260224201349-gt95m,https://sscm-media.oss-cn-guangzhou.aliyuncs.com/image/migrated/c91d37ba99bde286-asset-20260224201349-gt95m.png
加拿大,47,女,保险业务员,asset-20260224201310-cthbj,https://sscm-media.oss-cn-guangzhou.aliyuncs.com/image/migrated/1a0386578db34351-asset-20260224201310-cthbj.png
中国,20,男,保安,asset-20260224202006-qdqsn,https://sscm-media.oss-cn-guangzhou.aliyuncs.com/image/migrated/33f5fb188cc73fb6-asset-20260224202006-qdqsn.png
哥伦比亚,43,女,店员/收银员,asset-20260224195246-qf7g9,https://sscm-media.oss-cn-guangzhou.aliyuncs.com/image/migrated/4b158a68ef3b8fed-asset-20260224195246-qf7g9.png
中国,51,女,外贸业务员,asset-20260224201056-64shw,https://sscm-media.oss-cn-guangzhou.aliyuncs.com/image/migrated/278c54ca5be88bff-asset-20260224201056-64shw.png
朝鲜,23,女,客服,asset-20260224200816-9bjnw,https://sscm-media.oss-cn-guangzhou.aliyuncs.com/image/migrated/139deac4de5ca666-asset-20260224200816-9bjnw.png
美国,39,男,司机/货车司机,asset-20260224200146-nzrgx,https://sscm-media.oss-cn-guangzhou.aliyuncs.com/image/migrated/61a92856b1da601c-asset-20260224200146-nzrgx.png
哈萨克斯坦,25,男,养蜂人,asset-20260224201821-l289f,https://sscm-media.oss-cn-guangzhou.aliyuncs.com/image/migrated/b0145021cf81adeb-asset-20260224201821-l289f.png
中国,31,男,健身教练,asset-20260224201610-q48vj,https://sscm-media.oss-cn-guangzhou.aliyuncs.com/image/migrated/ffeca30f78b34eaf-asset-20260224201610-q48vj.png
韩国,23,女,记者/媒体人,asset-20260224200626-g6gxd,https://sscm-media.oss-cn-guangzhou.aliyuncs.com/image/migrated/0df21a637a7681b4-asset-20260224200626-g6gxd.png
中国,53,女,客服,asset-20260224201228-rcjch,https://sscm-media.oss-cn-guangzhou.aliyuncs.com/image/migrated/5b64822c7a48825b-asset-20260224201228-rcjch.png
日本,32,女,公务员,asset-20260224201009-nctkg,https://sscm-media.oss-cn-guangzhou.aliyuncs.com/image/migrated/5d89a0ebe39113d4-asset-20260224201009-nctkg.png
中国,23,男,科学家/研究员,asset-20260224201559-vtwwn,https://sscm-media.oss-cn-guangzhou.aliyuncs.com/image/migrated/5057fe41af308ada-asset-20260224201559-vtwwn.png
新西兰,42,男,司机/货车司机,asset-20260224200230-22mjq,https://sscm-media.oss-cn-guangzhou.aliyuncs.com/image/migrated/6c50574af42e34fe-asset-20260224200230-22mjq.png
荷兰,31,男,建筑师,asset-20260224195624-mqd96,https://sscm-media.oss-cn-guangzhou.aliyuncs.com/image/migrated/70c62312e90a1640-asset-20260224195624-mqd96.png
澳大利亚,29,男,科学家/研究员,asset-20260224203210-lxg7c,https://sscm-media.oss-cn-guangzhou.aliyuncs.com/image/migrated/e6e471ec11d03a21-asset-20260224203210-lxg7c.png
孟加拉国,38,女,歌手,asset-20260224195044-4c8fs,https://sscm-media.oss-cn-guangzhou.aliyuncs.com/image/migrated/3613cd277a233543-asset-20260224195044-4c8fs.png
乌兹别克斯坦,33,男,婚礼策划师,asset-20260224201841-wzhvb,https://sscm-media.oss-cn-guangzhou.aliyuncs.com/image/migrated/4c6ceeede3807188-asset-20260224201841-wzhvb.png
韩国,43,女,咖啡师,asset-20260224201101-8h92c,https://sscm-media.oss-cn-guangzhou.aliyuncs.com/image/migrated/c0680cd3056c1b65-asset-20260224201101-8h92c.png
委内瑞拉,19,男,电竞选手,asset-20260224195526-mx8ld,https://sscm-media.oss-cn-guangzhou.aliyuncs.com/image/migrated/ebe77799f2a0f43a-asset-20260224195526-mx8ld.png
土库曼斯坦,50,男,企业家/CEO,asset-20260224202147-hxbpl,https://sscm-media.oss-cn-guangzhou.aliyuncs.com/image/migrated/331970c7b7331b0e-asset-20260224202147-hxbpl.png
印度尼西亚,21,男,作家,asset-20260224201953-7hfws,https://sscm-media.oss-cn-guangzhou.aliyuncs.com/image/migrated/fba061199a7e8631-asset-20260224201953-7hfws.png
墨西哥,19,女,婚礼策划师,asset-20260224200931-nt8dw,https://sscm-media.oss-cn-guangzhou.aliyuncs.com/image/migrated/f49825638a6d7a8e-asset-20260224200931-nt8dw.png
印度,80,女,退休人员,asset-20260224195426-2gzxw,https://sscm-media.oss-cn-guangzhou.aliyuncs.com/image/migrated/f1c4c9c9fb4fac5f-asset-20260224195426-2gzxw.png
日本,23,男,教师,asset-20260224201620-7nlm9,https://sscm-media.oss-cn-guangzhou.aliyuncs.com/image/migrated/f44b42c13d9194f8-asset-20260224201620-7nlm9.png
墨西哥,70,男,西餐厨师/糕点师,asset-20260224202221-9wzb8,https://sscm-media.oss-cn-guangzhou.aliyuncs.com/image/migrated/933e13f8ee19e128-asset-20260224202221-9wzb8.png
吉尔吉斯斯坦,30,女,设计师,asset-20260224200848-7pmjt,https://sscm-media.oss-cn-guangzhou.aliyuncs.com/image/migrated/1b298724280be5bb-asset-20260224200848-7pmjt.png
哥伦比亚,54,女,烧烤师傅,asset-20260224202804-25xhf,https://sscm-media.oss-cn-guangzhou.aliyuncs.com/image/migrated/82b251038b9f18d3-asset-20260224202804-25xhf.png
格鲁吉亚,27,女,高铁乘务员,asset-20260224194557-lkkk9,https://sscm-media.oss-cn-guangzhou.aliyuncs.com/image/migrated/6883b5f95d489277-asset-20260224194557-lkkk9.png
日本,23,男,果农,asset-20260224201823-vtt6h,https://sscm-media.oss-cn-guangzhou.aliyuncs.com/image/migrated/3e5afce3cd092cdd-asset-20260224201823-vtt6h.png
日本,22,男,水产养殖员,asset-20260224201844-xrss6,https://sscm-media.oss-cn-guangzhou.aliyuncs.com/image/migrated/647b92e610438c30-asset-20260224201844-xrss6.png
挪威,22,女,公务员,asset-20260224194906-xkwzm,https://sscm-media.oss-cn-guangzhou.aliyuncs.com/image/migrated/c9f7568bcca6913c-asset-20260224194906-xkwzm.png
格鲁吉亚,83,女,退休人员,asset-20260224195453-np9zf,https://sscm-media.oss-cn-guangzhou.aliyuncs.com/image/migrated/15868a366af40d09-asset-20260224195453-np9zf.png
加拿大,28,男,牙医,asset-20260224195723-lx9j5,https://sscm-media.oss-cn-guangzhou.aliyuncs.com/image/migrated/64a3e995c3d68613-asset-20260224195723-lx9j5.png
西班牙,43,男,调酒师,asset-20260224200218-nfg4k,https://sscm-media.oss-cn-guangzhou.aliyuncs.com/image/migrated/a6fb787a34787c54-asset-20260224200218-nfg4k.png
巴布亚新几内亚,21,男,司机/货车司机,asset-20260224203306-k5kc4,https://sscm-media.oss-cn-guangzhou.aliyuncs.com/image/migrated/b3ced90aa7d06ef0-asset-20260224203306-k5kc4.png
澳大利亚,32,女,房产中介,asset-20260224194648-ptkx8,https://sscm-media.oss-cn-guangzhou.aliyuncs.com/image/migrated/d28cdde8f8f0b556-asset-20260224194648-ptkx8.png
乌兹别克斯坦,28,女,销售,asset-20260224200725-hqvpv,https://sscm-media.oss-cn-guangzhou.aliyuncs.com/image/migrated/d86b887a8d22f22a-asset-20260224200725-hqvpv.png
法国,55,女,护工/家政工,asset-20260224195241-bg7jr,https://sscm-media.oss-cn-guangzhou.aliyuncs.com/image/migrated/6efdf647d88adc01-asset-20260224195241-bg7jr.png
尼泊尔,34,女,歌手,asset-20260224200804-qvvm5,https://sscm-media.oss-cn-guangzhou.aliyuncs.com/image/migrated/4de9e0093e9bceec-asset-20260224200804-qvvm5.png
荷兰,24,女,文员/行政,asset-20260224202608-j9jlq,https://sscm-media.oss-cn-guangzhou.aliyuncs.com/image/migrated/919d04c8ea69f69d-asset-20260224202608-j9jlq.png
中国,99,女,退休人员,asset-20260224201515-lj6c9,https://sscm-media.oss-cn-guangzhou.aliyuncs.com/image/migrated/4e36b78a24aff286-asset-20260224201515-lj6c9.png
中国,50,男,农民,asset-20260224202206-m2pwd,https://sscm-media.oss-cn-guangzhou.aliyuncs.com/image/migrated/258febbd518d89c1-asset-20260224202206-m2pwd.png
中国,27,女,会计,asset-20260224200413-twhcb,https://sscm-media.oss-cn-guangzhou.aliyuncs.com/image/migrated/f9d1368804d9aaf4-asset-20260224200413-twhcb.png
韩国,41,女,药剂师,asset-20260224201101-l57vg,https://sscm-media.oss-cn-guangzhou.aliyuncs.com/image/migrated/326e8a46beae8117-asset-20260224201101-l57vg.png
危地马拉,22,女,银行柜员,asset-20260224194745-lzh9c,https://sscm-media.oss-cn-guangzhou.aliyuncs.com/image/migrated/ac9e9f59b1802ffc-asset-20260224194745-lzh9c.png
罗马尼亚,19,女,调酒师,asset-20260224194430-4lfdr,https://sscm-media.oss-cn-guangzhou.aliyuncs.com/image/migrated/4ccb23ae86774550-asset-20260224194430-4lfdr.png
中国,21,男,DJ/音乐制作人,asset-20260224201925-gjk8c,https://sscm-media.oss-cn-guangzhou.aliyuncs.com/image/migrated/52fb270414aca384-asset-20260224201925-gjk8c.png
老挝,87,男,退休人员,asset-20260224202247-n2l8q,https://sscm-media.oss-cn-guangzhou.aliyuncs.com/image/migrated/b2b860361ad5dd34-asset-20260224202247-n2l8q.png
英国,37,女,设计师,asset-20260224195209-rz95k,https://sscm-media.oss-cn-guangzhou.aliyuncs.com/image/migrated/d87c9da1920331d5-asset-20260224195209-rz95k.png
加纳,61,男,律师,asset-20260224203455-bfdfk,https://sscm-media.oss-cn-guangzhou.aliyuncs.com/image/migrated/7783f86d2c2f9e3a-asset-20260224203455-bfdfk.png
中国,26,男,茶艺师,asset-20260224201805-bpwjz,https://sscm-media.oss-cn-guangzhou.aliyuncs.com/image/migrated/6a62c26d3e65328b-asset-20260224201805-bpwjz.png
古巴,48,女,高铁乘务员,asset-20260224202759-2dzbf,https://sscm-media.oss-cn-guangzhou.aliyuncs.com/image/migrated/a0d5bc0334de15ca-asset-20260224202759-2dzbf.png
美国,26,女,高铁乘务员,asset-20260224194403-bdjpr,https://sscm-media.oss-cn-guangzhou.aliyuncs.com/image/migrated/15f135d31c52f2b2-asset-20260224194403-bdjpr.png
中国,36,女,歌手,asset-20260224201305-2zmzb,https://sscm-media.oss-cn-guangzhou.aliyuncs.com/image/migrated/8178efe75334bb59-asset-20260224201305-2zmzb.png
罗马尼亚,27,女,客服,asset-20260224194530-4mt8z,https://sscm-media.oss-cn-guangzhou.aliyuncs.com/image/migrated/af9556cd69f9db7c-asset-20260224194530-4mt8z.png
墨西哥,64,男,摄影师,asset-20260224200304-cgg7b,https://sscm-media.oss-cn-guangzhou.aliyuncs.com/image/migrated/740183decefa113f-asset-20260224200304-cgg7b.png
马来西亚,44,女,茶艺师,asset-20260224201055-zrh5f,https://sscm-media.oss-cn-guangzhou.aliyuncs.com/image/migrated/be051c37c91cb286-asset-20260224201055-zrh5f.png
马里,84,女,退休人员,asset-20260224203027-cfndj,https://sscm-media.oss-cn-guangzhou.aliyuncs.com/image/migrated/fe8cfb00a172fe4e-asset-20260224203027-cfndj.png
中国,19,女,保险业务员,asset-20260224200347-npwlz,https://sscm-media.oss-cn-guangzhou.aliyuncs.com/image/migrated/2e52c1e667671db2-asset-20260224200347-npwlz.png
日本,36,男,搬运工,asset-20260224202113-vpxkm,https://sscm-media.oss-cn-guangzhou.aliyuncs.com/image/migrated/b06762a170d174ab-asset-20260224202113-vpxkm.png
乌兹别克斯坦,47,男,店员/收银员,asset-20260224202054-m76bm,https://sscm-media.oss-cn-guangzhou.aliyuncs.com/image/migrated/087cb435575e827c-asset-20260224202054-m76bm.png
哥伦比亚,54,男,店员/收银员,asset-20260224202116-h6vm8,https://sscm-media.oss-cn-guangzhou.aliyuncs.com/image/migrated/236b1faa719910cf-asset-20260224202116-h6vm8.png
哈萨克斯坦,22,女,会计,asset-20260224194730-gmjnp,https://sscm-media.oss-cn-guangzhou.aliyuncs.com/image/migrated/4e82819bee43de76-asset-20260224194730-gmjnp.png
埃塞俄比亚,40,女,保险业务员,asset-20260224202938-mpx87,https://sscm-media.oss-cn-guangzhou.aliyuncs.com/image/migrated/936d51e9a56e5d02-asset-20260224202938-mpx87.png
中国,18,女,婚礼策划师,asset-20260224200733-wk7ng,https://sscm-media.oss-cn-guangzhou.aliyuncs.com/image/migrated/cab056f42236c6e5-asset-20260224200733-wk7ng.png
菲律宾,45,女,网红/主播,asset-20260224201352-skd2l,https://sscm-media.oss-cn-guangzhou.aliyuncs.com/image/migrated/56aa926465488859-asset-20260224201352-skd2l.png
中国,50,女,律师,asset-20260224201316-frdxf,https://sscm-media.oss-cn-guangzhou.aliyuncs.com/image/migrated/b95f5d25683b15ce-asset-20260224201316-frdxf.png
古巴,41,男,投资银行家/基金经理,asset-20260224200111-cvxlt,https://sscm-media.oss-cn-guangzhou.aliyuncs.com/image/migrated/7f9aa351bc5e63be-asset-20260224200111-cvxlt.png
日本,47,男,教师,asset-20260224202156-twmpm,https://sscm-media.oss-cn-guangzhou.aliyuncs.com/image/migrated/fbc869e9647cab03-asset-20260224202156-twmpm.png
德国,40,女,瑜伽/普拉提教练,asset-20260224195130-zx6hc,https://sscm-media.oss-cn-guangzhou.aliyuncs.com/image/migrated/237efc255177daf7-asset-20260224195130-zx6hc.png
韩国,42,男,空姐/空少,asset-20260224202134-ctkrk,https://sscm-media.oss-cn-guangzhou.aliyuncs.com/image/migrated/38a71400749a6d98-asset-20260224202134-ctkrk.png
丹麦,18,男,导游,asset-20260224195826-kdk4w,https://sscm-media.oss-cn-guangzhou.aliyuncs.com/image/migrated/5d77458f025337f5-asset-20260224195826-kdk4w.png
亚美尼亚,30,女,外科医生,asset-20260224194951-5c4br,https://sscm-media.oss-cn-guangzhou.aliyuncs.com/image/migrated/988de2226702d766-asset-20260224194951-5c4br.png
中国,21,女,歌手,asset-20260224200852-ntdpx,https://sscm-media.oss-cn-guangzhou.aliyuncs.com/image/migrated/60a56c37a04022b6-asset-20260224200852-ntdpx.png
孟加拉国,23,女,记者/媒体人,asset-20260224194752-4w8jg,https://sscm-media.oss-cn-guangzhou.aliyuncs.com/image/migrated/77f65c0ac416aa29-asset-20260224194752-4w8jg.png
莫桑比克,56,女,外卖员,asset-20260224203010-pbvvk,https://sscm-media.oss-cn-guangzhou.aliyuncs.com/image/migrated/95bb8b541b8d60c0-asset-20260224203010-pbvvk.png
牙买加,33,女,银行柜员,asset-20260224202504-jq8xt,https://sscm-media.oss-cn-guangzhou.aliyuncs.com/image/migrated/9794d4555d3866cf-asset-20260224202504-jq8xt.png
中国,27,女,农民,asset-20260224200959-vq5hw,https://sscm-media.oss-cn-guangzhou.aliyuncs.com/image/migrated/597512d221d1ba19-asset-20260224200959-vq5hw.png
捷克,52,女,瑜伽/普拉提教练,asset-20260224195343-pc44v,https://sscm-media.oss-cn-guangzhou.aliyuncs.com/image/migrated/bc1fa3a5644f07c1-asset-20260224195343-pc44v.png
中国,31,男,客服,asset-20260224201954-sn5c5,https://sscm-media.oss-cn-guangzhou.aliyuncs.com/image/migrated/d1127b968b1db68e-asset-20260224201954-sn5c5.png
中国,28,男,网约车司机,asset-20260224201858-t7xq7,https://sscm-media.oss-cn-guangzhou.aliyuncs.com/image/migrated/0707efc8a974d7e9-asset-20260224201858-t7xq7.png
牙买加,22,男,程序员,asset-20260224203248-b9jb6,https://sscm-media.oss-cn-guangzhou.aliyuncs.com/image/migrated/84b14ad6313e9a01-asset-20260224203248-b9jb6.png
俄罗斯,23,女,收纳整理师,asset-20260224200928-78kdb,https://sscm-media.oss-cn-guangzhou.aliyuncs.com/image/migrated/696dff8b7a9f5e28-asset-20260224200928-78kdb.png
埃塞俄比亚,19,男,司机/货车司机,asset-20260224203308-nmvwn,https://sscm-media.oss-cn-guangzhou.aliyuncs.com/image/migrated/fb8a6b1ebfa8c3d5-asset-20260224203308-nmvwn.png
俄罗斯,28,女,高铁乘务员,asset-20260224194916-snj5b,https://sscm-media.oss-cn-guangzhou.aliyuncs.com/image/migrated/8a2ab5934bf2daea-asset-20260224194916-snj5b.png
委内瑞拉,27,男,农民,asset-20260224203221-4d69j,https://sscm-media.oss-cn-guangzhou.aliyuncs.com/image/migrated/bfd0f904f1f18a2b-asset-20260224203221-4d69j.png
古巴,31,男,心理咨询师,asset-20260224195602-vrwxd,https://sscm-media.oss-cn-guangzhou.aliyuncs.com/image/migrated/4ed963f295b3d37b-asset-20260224195602-vrwxd.png
阿联酋,46,女,茶艺师,asset-20260224195224-fjh4g,https://sscm-media.oss-cn-guangzhou.aliyuncs.com/image/migrated/22fbcede1f197f4c-asset-20260224195224-fjh4g.png
印度,88,女,退休人员,asset-20260224195437-7hppz,https://sscm-media.oss-cn-guangzhou.aliyuncs.com/image/migrated/31eaeb6c5ee9ba5e-asset-20260224195437-7hppz.png
中国,18,女,宠物美容师,asset-20260224200411-wj87p,https://sscm-media.oss-cn-guangzhou.aliyuncs.com/image/migrated/a4cec7f408162425-asset-20260224200411-wj87p.png
葡萄牙,69,女,农业专家,asset-20260224195413-gq9b5,https://sscm-media.oss-cn-guangzhou.aliyuncs.com/image/migrated/1eb6294999930f09-asset-20260224195413-gq9b5.png
中国,34,女,服务员,asset-20260224200407-btjjd,https://sscm-media.oss-cn-guangzhou.aliyuncs.com/image/migrated/5406a8f0344abaee-asset-20260224200407-btjjd.png
亚美尼亚,32,女,工程师,asset-20260224194727-t24p2,https://sscm-media.oss-cn-guangzhou.aliyuncs.com/image/migrated/2f77329ae8fa713d-asset-20260224194727-t24p2.png
法国,64,男,工程师,asset-20260224203450-72tqg,https://sscm-media.oss-cn-guangzhou.aliyuncs.com/image/migrated/b620a3ddac4dc08b-asset-20260224203450-72tqg.png
中国,27,女,护工/家政工,asset-20260224200545-jlk6c,https://sscm-media.oss-cn-guangzhou.aliyuncs.com/image/migrated/2e3828b59495724e-asset-20260224200545-jlk6c.png
古巴,31,女,作家,asset-20260224202657-zbvhc,https://sscm-media.oss-cn-guangzhou.aliyuncs.com/image/migrated/dad463aba96f3352-asset-20260224202657-zbvhc.png
意大利,30,男,大学教授,asset-20260224195755-z9p2x,https://sscm-media.oss-cn-guangzhou.aliyuncs.com/image/migrated/5b12a3efb5794980-asset-20260224195755-z9p2x.png
中国,26,男,建筑师,asset-20260224201636-hj2q5,https://sscm-media.oss-cn-guangzhou.aliyuncs.com/image/migrated/dd2e7171cedb5c27-asset-20260224201636-hj2q5.png
捷克,44,女,会计,asset-20260224195342-nxgsf,https://sscm-media.oss-cn-guangzhou.aliyuncs.com/image/migrated/922e29be3168fee6-asset-20260224195342-nxgsf.png
阿联酋,19,女,调酒师,asset-20260224194814-9jvcb,https://sscm-media.oss-cn-guangzhou.aliyuncs.com/image/migrated/5373cf03f50e7864-asset-20260224194814-9jvcb.png
厄立特里亚,85,女,退休人员,asset-20260224203021-mhk5p,https://sscm-media.oss-cn-guangzhou.aliyuncs.com/image/migrated/c7c2c1950286034c-asset-20260224203021-mhk5p.png
越南,32,女,心理咨询师,asset-20260224200342-hznwb,https://sscm-media.oss-cn-guangzhou.aliyuncs.com/image/migrated/f1e28b33e56aae7c-asset-20260224200342-hznwb.png
法国,26,女,律师,asset-20260224202628-9dtrh,https://sscm-media.oss-cn-guangzhou.aliyuncs.com/image/migrated/1b3c03cb718abeaf-asset-20260224202628-9dtrh.png
哥伦比亚,29,女,店员/收银员,asset-20260224195010-jkmzw,https://sscm-media.oss-cn-guangzhou.aliyuncs.com/image/migrated/be00e0edfe707753-asset-20260224195010-jkmzw.png
加纳,33,男,销售,asset-20260224203331-9t75t,https://sscm-media.oss-cn-guangzhou.aliyuncs.com/image/migrated/325403e4301d60c8-asset-20260224203331-9t75t.png
伊朗,19,男,保安,asset-20260224195731-dgsfk,https://sscm-media.oss-cn-guangzhou.aliyuncs.com/image/migrated/0f18e7e9db98eaf8-asset-20260224195731-dgsfk.png
澳大利亚,59,女,房产中介,asset-20260224203021-kjqrs,https://sscm-media.oss-cn-guangzhou.aliyuncs.com/image/migrated/b00a62dba009e03d-asset-20260224203021-kjqrs.png
西班牙,33,男,高铁乘务员,asset-20260224195936-9hmbl,https://sscm-media.oss-cn-guangzhou.aliyuncs.com/image/migrated/eb01bc6e612ccbfa-asset-20260224195936-9hmbl.png
中国,46,男,保安,asset-20260224202159-qhdnm,https://sscm-media.oss-cn-guangzhou.aliyuncs.com/image/migrated/7fc0c48bee76cc62-asset-20260224202159-qhdnm.png
印度,38,女,大学教授,asset-20260224195228-jh79k,https://sscm-media.oss-cn-guangzhou.aliyuncs.com/image/migrated/0d64ddb448d59f76-asset-20260224195228-jh79k.png
中国,25,男,销售,asset-20260224201920-w6pxk,https://sscm-media.oss-cn-guangzhou.aliyuncs.com/image/migrated/e38a3e1f8739c396-asset-20260224201920-w6pxk.png
中国,23,女,律师,asset-20260224200620-8c29c,https://sscm-media.oss-cn-guangzhou.aliyuncs.com/image/migrated/730a28588cc7ad6c-asset-20260224200620-8c29c.png
厄立特里亚,27,女,记者/媒体人,asset-20260224202420-vz4gs,https://sscm-media.oss-cn-guangzhou.aliyuncs.com/image/migrated/6629c63d228304cf-asset-20260224202420-vz4gs.png
中国,20,男,渔民,asset-20260224201646-87pr9,https://sscm-media.oss-cn-guangzhou.aliyuncs.com/image/migrated/88c16ba96751c50a-asset-20260224201646-87pr9.png
英国,35,女,茶艺师,asset-20260224202635-ctr6r,https://sscm-media.oss-cn-guangzhou.aliyuncs.com/image/migrated/0ae7c318c1e7c28f-asset-20260224202635-ctr6r.png
美国,44,女,健身教练,asset-20260224195348-6crrh,https://sscm-media.oss-cn-guangzhou.aliyuncs.com/image/migrated/39c1a87475029417-asset-20260224195348-6crrh.png
澳大利亚,27,女,保洁员,asset-20260224194810-w2xxl,https://sscm-media.oss-cn-guangzhou.aliyuncs.com/image/migrated/2df590cc3434aeab-asset-20260224194810-w2xxl.png
俄罗斯,38,男,多肉/花卉种植员,asset-20260224200214-6hxv5,https://sscm-media.oss-cn-guangzhou.aliyuncs.com/image/migrated/c07e98e1f7ed7d0b-asset-20260224200214-6hxv5.png
乌兹别克斯坦,46,女,银行柜员,asset-20260224201249-grkdf,https://sscm-media.oss-cn-guangzhou.aliyuncs.com/image/migrated/57582ec39a83ad66-asset-20260224201249-grkdf.png
萨摩亚,22,男,律师,asset-20260224201926-crpfl,https://sscm-media.oss-cn-guangzhou.aliyuncs.com/image/migrated/17dcfd0f6865f45d-asset-20260224201926-crpfl.png
新西兰,30,男,店员/收银员,asset-20260224201910-7xv6w,https://sscm-media.oss-cn-guangzhou.aliyuncs.com/image/migrated/38335f0cbd3bff02-asset-20260224201910-7xv6w.png
南非,34,男,歌手,asset-20260224203203-622n8,https://sscm-media.oss-cn-guangzhou.aliyuncs.com/image/migrated/8fa646070938dec0-asset-20260224203203-622n8.png
英国,52,男,搬运工,asset-20260224203415-x49gb,https://sscm-media.oss-cn-guangzhou.aliyuncs.com/image/migrated/d2a19e7af39d2f00-asset-20260224203415-x49gb.png
美国,32,女,心理咨询师,asset-20260224194549-99qwm,https://sscm-media.oss-cn-guangzhou.aliyuncs.com/image/migrated/5fd14d6fe69af503-asset-20260224194549-99qwm.png
乌兹别克斯坦,25,女,护士,asset-20260224200915-5mjlv,https://sscm-media.oss-cn-guangzhou.aliyuncs.com/image/migrated/3bb02c46908485e5-asset-20260224200915-5mjlv.png
不丹,23,女,客服,asset-20260224200634-hhz6b,https://sscm-media.oss-cn-guangzhou.aliyuncs.com/image/migrated/c6c7f04669b00552-asset-20260224200634-hhz6b.png
阿联酋,23,女,销售,asset-20260224194647-xx4lf,https://sscm-media.oss-cn-guangzhou.aliyuncs.com/image/migrated/1b978c0cb0b8e525-asset-20260224194647-xx4lf.png
挪威,40,男,司机/货车司机,asset-20260224200240-jskdm,https://sscm-media.oss-cn-guangzhou.aliyuncs.com/image/migrated/d0e460d0f463bc35-asset-20260224200240-jskdm.png
英国,51,女,瑜伽/普拉提教练,asset-20260224195212-mlq9s,https://sscm-media.oss-cn-guangzhou.aliyuncs.com/image/migrated/b89ef08c0fad0f18-asset-20260224195212-mlq9s.png
刚果（金）,34,男,设计师,asset-20260224203313-9q4c7,https://sscm-media.oss-cn-guangzhou.aliyuncs.com/image/migrated/6fe270e4feb3c5b9-asset-20260224203313-9q4c7.png
马来西亚,31,女,瑜伽/普拉提教练,asset-20260224200340-9s99s,https://sscm-media.oss-cn-guangzhou.aliyuncs.com/image/migrated/766d243c0da1cb8f-asset-20260224200340-9s99s.png
墨西哥,24,男,修理工/水电工,asset-20260224195848-4ndpd,https://sscm-media.oss-cn-guangzhou.aliyuncs.com/image/migrated/0618070495c4ee1a-asset-20260224195848-4ndpd.png
中国,42,女,水产养殖员,asset-20260224201226-dzq6s,https://sscm-media.oss-cn-guangzhou.aliyuncs.com/image/migrated/fc3ea0f31cbfcc66-asset-20260224201226-dzq6s.png
日本,54,男,科学家/研究员,asset-20260224202034-szrfl,https://sscm-media.oss-cn-guangzhou.aliyuncs.com/image/migrated/2afd1dd40d3d4e2d-asset-20260224202034-szrfl.png
土库曼斯坦,36,女,律师,asset-20260224201212-h7sfs,https://sscm-media.oss-cn-guangzhou.aliyuncs.com/image/migrated/2112187482063537-asset-20260224201212-h7sfs.png
荷兰,60,女,记者/媒体人,asset-20260224203020-vn8bf,https://sscm-media.oss-cn-guangzhou.aliyuncs.com/image/migrated/065968cfbf46f098-asset-20260224203020-vn8bf.png
中国,60,女,文员/行政,asset-20260224201430-vtctx,https://sscm-media.oss-cn-guangzhou.aliyuncs.com/image/migrated/05f2d61abddd4f02-asset-20260224201430-vtctx.png
墨西哥,47,女,瑜伽/普拉提教练,asset-20260224195308-cvqj4,https://sscm-media.oss-cn-guangzhou.aliyuncs.com/image/migrated/caf5907e0278b55e-asset-20260224195308-cvqj4.png
刚果（金）,33,女,设计师,asset-20260224202557-lksb4,https://sscm-media.oss-cn-guangzhou.aliyuncs.com/image/migrated/7bfd514e6efb8b8c-asset-20260224202557-lksb4.png
刚果（布）,50,男,销售,asset-20260224203431-trxtq,https://sscm-media.oss-cn-guangzhou.aliyuncs.com/image/migrated/17a5c27c3cc189a1-asset-20260224203431-trxtq.png
秘鲁,21,男,模特,asset-20260224200018-gz4bx,https://sscm-media.oss-cn-guangzhou.aliyuncs.com/image/migrated/c9f12ae2c193f8d2-asset-20260224200018-gz4bx.png
韩国,46,男,律师,asset-20260224202105-dwj2v,https://sscm-media.oss-cn-guangzhou.aliyuncs.com/image/migrated/874e3e9ec9c27025-asset-20260224202105-dwj2v.png
挪威,28,男,外科医生,asset-20260224195626-fnrgn,https://sscm-media.oss-cn-guangzhou.aliyuncs.com/image/migrated/c2d76bf950ab3020-asset-20260224195626-fnrgn.png
俄罗斯,23,男,调酒师,asset-20260224195829-qlmsp,https://sscm-media.oss-cn-guangzhou.aliyuncs.com/image/migrated/77617b957f373c6c-asset-20260224195829-qlmsp.png
南非,43,女,店员/收银员,asset-20260224202712-877gp,https://sscm-media.oss-cn-guangzhou.aliyuncs.com/image/migrated/515684ccd842227f-asset-20260224202712-877gp.png
菲律宾,31,男,科学家/研究员,asset-20260224201925-whjwd,https://sscm-media.oss-cn-guangzhou.aliyuncs.com/image/migrated/461c2a496d597d9f-asset-20260224201925-whjwd.png
尼日利亚,74,女,导游,asset-20260224203004-bdqq4,https://sscm-media.oss-cn-guangzhou.aliyuncs.com/image/migrated/5976059647fcdacf-asset-20260224203004-bdqq4.png
博茨瓦纳,94,男,退休人员,asset-20260224203513-2rcb4,https://sscm-media.oss-cn-guangzhou.aliyuncs.com/image/migrated/884e7d5d94e62ac5-asset-20260224203513-2rcb4.png
秘鲁,23,女,律师,asset-20260224202631-jmmdf,https://sscm-media.oss-cn-guangzhou.aliyuncs.com/image/migrated/460194e1788d77c2-asset-20260224202631-jmmdf.png
马来西亚,25,男,外贸业务员,asset-20260224201954-r7knp,https://sscm-media.oss-cn-guangzhou.aliyuncs.com/image/migrated/4668f6bfd92b9a99-asset-20260224201954-r7knp.png
印度,49,男,保安,asset-20260224200122-c26rl,https://sscm-media.oss-cn-guangzhou.aliyuncs.com/image/migrated/7a16eb50db9780a1-asset-20260224200122-c26rl.png
萨摩亚,46,女,画家/艺术家,asset-20260224201236-w8rff,https://sscm-media.oss-cn-guangzhou.aliyuncs.com/image/migrated/ca0f49a5e1e8186d-asset-20260224201236-w8rff.png
中国,26,女,环卫工人,asset-20260224200351-2q5rd,https://sscm-media.oss-cn-guangzhou.aliyuncs.com/image/migrated/68998fa0d7ec406f-asset-20260224200351-2q5rd.png
韩国,29,男,医生,asset-20260224201817-zv6m6,https://sscm-media.oss-cn-guangzhou.aliyuncs.com/image/migrated/00f817dc5709a4e8-asset-20260224201817-zv6m6.png
越南,21,女,茶艺师,asset-20260224200544-5jc7v,https://sscm-media.oss-cn-guangzhou.aliyuncs.com/image/migrated/5a4a7c3f2a6b7c47-asset-20260224200544-5jc7v.png
日本,37,男,导游,asset-20260224202213-7tdtk,https://sscm-media.oss-cn-guangzhou.aliyuncs.com/image/migrated/98eace056c925d94-asset-20260224202213-7tdtk.png
牙买加,31,男,小贩/摊贩,asset-20260224203256-bq7vk,https://sscm-media.oss-cn-guangzhou.aliyuncs.com/image/migrated/f06fe4fb3a76a446-asset-20260224203256-bq7vk.png
日本,52,男,设计师,asset-20260224202212-2gx59,https://sscm-media.oss-cn-guangzhou.aliyuncs.com/image/migrated/8cb7a176d35797e2-asset-20260224202212-2gx59.png
西班牙,45,男,企业家/CEO,asset-20260224200210-6v7gf,https://sscm-media.oss-cn-guangzhou.aliyuncs.com/image/migrated/eef900db3b6359cb-asset-20260224200210-6v7gf.png
俄罗斯,24,女,心理咨询师,asset-20260224194435-lcqvv,https://sscm-media.oss-cn-guangzhou.aliyuncs.com/image/migrated/105756f4be26c4ca-asset-20260224194435-lcqvv.png
丹麦,21,女,宠物美容师,asset-20260224194752-86f7q,https://sscm-media.oss-cn-guangzhou.aliyuncs.com/image/migrated/416209de949c9fdf-asset-20260224194752-86f7q.png
德国,26,女,护士,asset-20260224194521-bpszc,https://sscm-media.oss-cn-guangzhou.aliyuncs.com/image/migrated/b0a36a0cb760d3ca-asset-20260224194521-bpszc.png
德国,29,男,地铁工作人员,asset-20260224195556-8r8qc,https://sscm-media.oss-cn-guangzhou.aliyuncs.com/image/migrated/7af4e9f56e91ead9-asset-20260224195556-8r8qc.png
乌兹别克斯坦,32,男,火锅店员工,asset-20260224201823-87ttp,https://sscm-media.oss-cn-guangzhou.aliyuncs.com/image/migrated/c544038f4f53f309-asset-20260224201823-87ttp.png
巴西,31,女,歌手,asset-20260224202640-9v684,https://sscm-media.oss-cn-guangzhou.aliyuncs.com/image/migrated/d5a2e96f7797a8c0-asset-20260224202640-9v684.png
日本,82,男,退休人员,asset-20260224202248-q4xmk,https://sscm-media.oss-cn-guangzhou.aliyuncs.com/image/migrated/4c6fa62036e6973b-asset-20260224202248-q4xmk.png
日本,25,男,科学家/研究员,asset-20260224201934-p5xjm,https://sscm-media.oss-cn-guangzhou.aliyuncs.com/image/migrated/ba80113513be593a-asset-20260224201934-p5xjm.png
中国,25,女,护士,asset-20260224200933-dm4gj,https://sscm-media.oss-cn-guangzhou.aliyuncs.com/image/migrated/8e6bf23984afd586-asset-20260224200933-dm4gj.png
中国,21,女,歌手,asset-20260224200627-fbvpx,https://sscm-media.oss-cn-guangzhou.aliyuncs.com/image/migrated/46a73fd782f1eecd-asset-20260224200627-fbvpx.png
巴西,36,女,企业家/CEO,asset-20260224195234-n9znr,https://sscm-media.oss-cn-guangzhou.aliyuncs.com/image/migrated/ac225c5225c76410-asset-20260224195234-n9znr.png
印度尼西亚,44,女,教师,asset-20260224201226-tdjhc,https://sscm-media.oss-cn-guangzhou.aliyuncs.com/image/migrated/7ce8514063136033-asset-20260224201226-tdjhc.png
泰国,18,男,网红/主播,asset-20260224201732-p5jvt,https://sscm-media.oss-cn-guangzhou.aliyuncs.com/image/migrated/37aa81a148d6d212-asset-20260224201732-p5jvt.png
德国,25,男,律师,asset-20260224200010-2k9fm,https://sscm-media.oss-cn-guangzhou.aliyuncs.com/image/migrated/0dcae11cac11287a-asset-20260224200010-2k9fm.png
菲律宾,23,女,会计,asset-20260224200721-njh84,https://sscm-media.oss-cn-guangzhou.aliyuncs.com/image/migrated/5eeda7a6aacec870-asset-20260224200721-njh84.png
波兰,44,女,护工/家政工,asset-20260224195202-kkdkw,https://sscm-media.oss-cn-guangzhou.aliyuncs.com/image/migrated/761696e443173c07-asset-20260224195202-kkdkw.png
中国,56,女,店员/收银员,asset-20260224201408-7rsgb,https://sscm-media.oss-cn-guangzhou.aliyuncs.com/image/migrated/27d033263bb08822-asset-20260224201408-7rsgb.png
乌克兰,29,男,工厂工人,asset-20260224195831-nsvnq,https://sscm-media.oss-cn-guangzhou.aliyuncs.com/image/migrated/67430bc71e6ba902-asset-20260224195831-nsvnq.png
秘鲁,92,男,退休人员,asset-20260224202256-7j2zf,https://sscm-media.oss-cn-guangzhou.aliyuncs.com/image/migrated/4dbdc857ab6dc1e4-asset-20260224202256-7j2zf.png
中国,27,男,律师,asset-20260224201727-99nhm,https://sscm-media.oss-cn-guangzhou.aliyuncs.com/image/migrated/a04bb1cd9db90e30-asset-20260224201727-99nhm.png
老挝,33,女,环卫工人,asset-20260224200622-kj2lh,https://sscm-media.oss-cn-guangzhou.aliyuncs.com/image/migrated/5b41b69af1ed0590-asset-20260224200622-kj2lh.png
克罗地亚,59,女,公务员,asset-20260224195400-wcrnc,https://sscm-media.oss-cn-guangzhou.aliyuncs.com/image/migrated/64174db4ac4051ff-asset-20260224195400-wcrnc.png
罗马尼亚,27,女,客服,asset-20260224194750-js24z,https://sscm-media.oss-cn-guangzhou.aliyuncs.com/image/migrated/ce3ebb2ea6585c0a-asset-20260224194750-js24z.png
澳大利亚,24,女,幼师,asset-20260224200856-mbhjf,https://sscm-media.oss-cn-guangzhou.aliyuncs.com/image/migrated/45981d93c5e3075f-asset-20260224200856-mbhjf.png
中国,23,男,农业专家,asset-20260224201927-dtp6j,https://sscm-media.oss-cn-guangzhou.aliyuncs.com/image/migrated/225cf87fa5b9edcf-asset-20260224201927-dtp6j.png
印度尼西亚,20,男,挖掘机司机/塔吊司机,asset-20260224201708-krk6d,https://sscm-media.oss-cn-guangzhou.aliyuncs.com/image/migrated/651e4bb6f6f3871a-asset-20260224201708-krk6d.png
危地马拉,68,男,作家,asset-20260224202235-zdjlx,https://sscm-media.oss-cn-guangzhou.aliyuncs.com/image/migrated/c69a1da316b1c365-asset-20260224202235-zdjlx.png
日本,21,女,幼师,asset-20260224200846-46cfj,https://sscm-media.oss-cn-guangzhou.aliyuncs.com/image/migrated/296dd6f1025c94f1-asset-20260224200846-46cfj.png
哈萨克斯坦,45,男,歌手,asset-20260224202031-ffsfs,https://sscm-media.oss-cn-guangzhou.aliyuncs.com/image/migrated/03133be1768313a8-asset-20260224202031-ffsfs.png
斐济,26,女,投资银行家/基金经理,asset-20260224202654-kl4rf,https://sscm-media.oss-cn-guangzhou.aliyuncs.com/image/migrated/a80971aa9b23a6b3-asset-20260224202654-kl4rf.png
越南,43,男,文员/行政,asset-20260224202147-hgmvm,https://sscm-media.oss-cn-guangzhou.aliyuncs.com/image/migrated/e423edac96ccd3a0-asset-20260224202147-hgmvm.png
委内瑞拉,22,男,DJ/音乐制作人,asset-20260224202000-kqmw9,https://sscm-media.oss-cn-guangzhou.aliyuncs.com/image/migrated/ec8107a88ad833bd-asset-20260224202000-kqmw9.png
英国,19,男,环卫工人,asset-20260224195600-gt2sj,https://sscm-media.oss-cn-guangzhou.aliyuncs.com/image/migrated/eff53bdd57a3df13-asset-20260224195600-gt2sj.png
日本,32,男,电焊工,asset-20260224201852-m7mn4,https://sscm-media.oss-cn-guangzhou.aliyuncs.com/image/migrated/31ce4f366d922bd8-asset-20260224201852-m7mn4.png
牙买加,61,女,银行柜员,asset-20260224202949-cgqqm,https://sscm-media.oss-cn-guangzhou.aliyuncs.com/image/migrated/c82e465e1340c0c3-asset-20260224202949-cgqqm.png
日本,25,女,银行柜员,asset-20260224201040-tcb7p,https://sscm-media.oss-cn-guangzhou.aliyuncs.com/image/migrated/af18b5f92e7e05ea-asset-20260224201040-tcb7p.png
巴西,65,女,文员/行政,asset-20260224195415-5krzr,https://sscm-media.oss-cn-guangzhou.aliyuncs.com/image/migrated/4d8f6d8c990233fa-asset-20260224195415-5krzr.png
克罗地亚,81,男,退休人员,asset-20260224200318-czjn6,https://sscm-media.oss-cn-guangzhou.aliyuncs.com/image/migrated/204ae797f2e5f1a9-asset-20260224200318-czjn6.png
格陵兰,28,女,银行柜员,asset-20260224201039-6gcrn,https://sscm-media.oss-cn-guangzhou.aliyuncs.com/image/migrated/ebf404a41db5035d-asset-20260224201039-6gcrn.png
斯里兰卡,22,女,瑜伽/普拉提教练,asset-20260224194621-mjfzf,https://sscm-media.oss-cn-guangzhou.aliyuncs.com/image/migrated/d2c7ca005b00d07b-asset-20260224194621-mjfzf.png
埃塞俄比亚,87,男,退休人员,asset-20260224203512-4gfq7,https://sscm-media.oss-cn-guangzhou.aliyuncs.com/image/migrated/499dccc4d94fab2f-asset-20260224203512-4gfq7.png
泰国,59,男,外科医生,asset-20260224202224-fjddr,https://sscm-media.oss-cn-guangzhou.aliyuncs.com/image/migrated/8f042ad8f3834b31-asset-20260224202224-fjddr.png
印度尼西亚,35,男,农民,asset-20260224201944-gp5b7,https://sscm-media.oss-cn-guangzhou.aliyuncs.com/image/migrated/bc42f72995e420b7-asset-20260224201944-gp5b7.png
瑞典,64,男,程序员,asset-20260224200311-6zs89,https://sscm-media.oss-cn-guangzhou.aliyuncs.com/image/migrated/c9c5a4380b690883-asset-20260224200311-6zs89.png
